Code,Name,Name KH,Category Code,Unit,Cost,Price,Alert Quantity, Tax Rate Name,Tax Method,Subcategory Code,Product Variants Separated by |,Supplier1(No),Supplier2(No),Supplier3(No),Supplier4(No),Supplier5(No),Custom Field 1,Custom Field 2,Custom Field 3,Custom Field 4,Custom Field 5,Custom Field 6,Image,Type(standard or service)
8713948020 X,RX30 HLD 02,,C0001,U012,0,12,, No Tax, exclusive,,,,,,,,,,,,,,no_image.png,Standard
4047025084550,តំរងម៉ាស៊ីនត្រជាក់ Land Cruiser,,C0003,U001,0,15,, No Tax, exclusive,,,,,,,,,,,,,,no_image.png,Standard
6363026905668,Denso Air Filter,,C0004,U001,0,0,, No Tax, exclusive,,,,,,,,,,,,,,no_image.png,Standard
4047024561731,#333 Air Filter Rx33 300 HLD,,C0003,U012,0,13,, No Tax, exclusive,,,,,,,,,,,,,,no_image.png,Standard
1780121040  E,AIR FILTER PRUS 03_09,,C0003,U012,0,16,, No Tax, exclusive,,,,,,,,,,,,,,no_image.png,Standard
1780131090  K,LAND CRUSIERTACOMA 05,,C0003,U012,0,12,, No Tax, exclusive,,,,,,,,,,,,,,no_image.png,Standard
4047024902565,តំរងម៉ាស៊ីន Land Cruiser,,C0003,U001,0,25,, No Tax, exclusive,,,,,,,,,,,,,,no_image.png,Standard
5011987203112,Brake & Clutch Fluide,,C0006,U011,0,5,, No Tax, exclusive,,,,,,,,,,,,,,no_image.png,Standard
4905339108785,SEIWA 後座食物架 W878 黑色,,C0001,U001,0,24,, No Tax, exclusive,,,,,,,,,,,,,,no_image.png,Standard
4975144460590,純正感覺 後座雜物架 JK_59 黑色,,C0001,U001,0,27,, No Tax, exclusive,,,,,,,,,,,,,,no_image.png,Standard
4975144460606,純正感覺 後座雜物架 JK_60 黑色,,C0001,U001,0,37,, No Tax, exclusive,,,,,,,,,,,,,,no_image.png,Standard
4905339107962,SEIWA 雜物架連紙巾套 W796 黑色,,C0001,U001,0,19,, No Tax, exclusive,,,,,,,,,,,,,,no_image.png,Standard
4905339108839,SEIWA 風口杯架連電話架 W883 炭纖藍邊,,C0001,U001,0,21.5,, No Tax, exclusive,,,,,,,,,,,,,,no_image.png,Standard
4974267021893,SEIKO 皮革風口杯架 EB_189 黑色,,C0001,U001,0,21.5,, No Tax, exclusive,,,,,,,,,,,,,,no_image.png,Standard
4975144460286,純正感覺 雜物兜 JK_28 黑色,,C0001,U001,0,21.5,, No Tax, exclusive,,,,,,,,,,,,,,no_image.png,Standard
4974267101748,SEIKO 風口雜物袋 EH_174 黑色,,C0001,U001,0,21.5,, No Tax, exclusive,,,,,,,,,,,,,,no_image.png,Standard
6360842640881,LOGO STICKER,,C0001,U001,0,3,, No Tax, exclusive,,,,,,,,,,,,,,no_image.png,Standard
6360842762680,LOGO STICKER,,C0001,U001,0,6,, No Tax, exclusive,,,,,,,,,,,,,,no_image.png,Standard
6360842781318,LOGO STICKER,,C0001,U001,0,6,, No Tax, exclusive,,,,,,,,,,,,,,no_image.png,Standard
6360843541671,Car Emblem (Black),,C0001,U001,0,9,, No Tax, exclusive,,,,,,,,,,,,,,no_image.png,Standard
W000001236480,BROADWAY 蓝光房镜 平BW_156,,C0001,U001,0,48,, No Tax, exclusive,,,,,,,,,,,,,,no_image.png,Standard
W000001236481,BROADWAY 蓝光房镜 平BW_157,,C0001,U010,0,64,, No Tax, exclusive,,,,,,,,,,,,,,no_image.png,Standard
W000001236482,BROADWAY 房镜 平BW-844,,C0001,U010,0,27,, No Tax, exclusive,,,,,,,,,,,,,,no_image.png,Standard
44,BROADWAY 房镜 曲BW-845,,C0001,U010,0,27,, No Tax, exclusive,,,,,,,,,,,,,,no_image.png,Standard
4975144128476,BROADWAY 房鏡 曲 BW-847,,C0001,U010,0,23.5,, No Tax, exclusive,,,,,,,,,,,,,,no_image.png,Standard
4975144221122,BROADWAY 紫光房鏡 平 BW-112,,C0001,U010,0,29.5,, No Tax, exclusive,,,,,,,,,,,,,,no_image.png,Standard
4975144128506,BROADWAY 房鏡 平 BW-850,,C0001,U010,0,28,, No Tax, exclusive,,,,,,,,,,,,,,no_image.png,Standard
4975144128346,BROADWAY 房鏡 平 BW-834,,C0001,U010,0,28,, No Tax, exclusive,,,,,,,,,,,,,,no_image.png,Standard
4975144128339,BROADWAY 房鏡 曲 BW-833,,C0001,U010,0,28,, No Tax, exclusive,,,,,,,,,,,,,,no_image.png,Standard
4975144128513,BROADWAY 房鏡 曲 BW-851,,C0001,U010,0,36,, No Tax, exclusive,,,,,,,,,,,,,,no_image.png,Standard
4975144122474,BROADWAY 超薄型房鏡 曲 BW-247 透明邊,,C0001,U010,0,21,, No Tax, exclusive,,,,,,,,,,,,,,no_image.png,Standard
4973007008248,ZAX 廣角鏡黑木紋 PL-104,,C0001,U010,0,42.5,, No Tax, exclusive,,,,,,,,,,,,,,no_image.png,Standard
4975144121576,BROADWAY 藍光房鏡 曲 BW-157,,C0001,U010,0,51.5,, No Tax, exclusive,,,,,,,,,,,,,,no_image.png,Standard
4975144128445,BROADWAY 房鏡 平 BW-844,,C0001,U010,0,21.5,, No Tax, exclusive,,,,,,,,,,,,,,no_image.png,Standard
4975144121569,BROADWAY 藍光房鏡 平 BW-156,,C0001,U010,0,38.5,, No Tax, exclusive,,,,,,,,,,,,,,no_image.png,Standard
4975144128452,BROADWAY 房鏡 曲 BW-845,,C0001,U010,0,21.5,, No Tax, exclusive,,,,,,,,,,,,,,no_image.png,Standard
4975144122467,BROADWAY 超薄型房鏡 平 BW-246 透明邊,,C0001,U010,0,20,, No Tax, exclusive,,,,,,,,,,,,,,no_image.png,Standard
4975144221139,BROADWAY 紫光房鏡 曲 BW-113,,C0001,U010,0,35.5,, No Tax, exclusive,,,,,,,,,,,,,,no_image.png,Standard
6360842662446,LOGO STICKER,,C0001,U001,0,5,, No Tax, exclusive,,,,,,,,,,,,,,no_image.png,Standard
6360842665151,LOGO STICKER,,C0001,U001,0,6,, No Tax, exclusive,,,,,,,,,,,,,,no_image.png,Standard
6360842665152,Black 1XS,,C0008,U001,0,30,, No Tax, exclusive,,,,,,,,,,,,,,no_image.png,Standard
6360842665153,Black 1S,,C0008,U001,0,69,, No Tax, exclusive,,,,,,,,,,,,,,no_image.png,Standard
6360842665154,Black 1M,,C0008,U001,0,45,, No Tax, exclusive,,,,,,,,,,,,,,no_image.png,Standard
6360842665155,Black 1L,,C0008,U001,0,55,, No Tax, exclusive,,,,,,,,,,,,,,no_image.png,Standard
6360842665156,Black 2XS,,C0008,U001,0,46,, No Tax, exclusive,,,,,,,,,,,,,,no_image.png,Standard
6360842665157,Black 2M,,C0008,U001,0,86,, No Tax, exclusive,,,,,,,,,,,,,,no_image.png,Standard
6360842665158,Black 3M,,C0008,U001,0,234,, No Tax, exclusive,,,,,,,,,,,,,,no_image.png,Standard
6360842665159,Black 3L,,C0008,U001,0,289,, No Tax, exclusive,,,,,,,,,,,,,,no_image.png,Standard
6360842665160,Black 2S,,C0008,U001,0,66,, No Tax, exclusive,,,,,,,,,,,,,,no_image.png,Standard
6360842665161,Black 2L,,C0008,U001,0,105,, No Tax, exclusive,,,,,,,,,,,,,,no_image.png,Standard
6360842665162,Black 3XS,,C0008,U001,0,126,, No Tax, exclusive,,,,,,,,,,,,,,no_image.png,Standard
6360842665163,Black 3S,,C0008,U001,0,181,, No Tax, exclusive,,,,,,,,,,,,,,no_image.png,Standard
6360842665164,测试打蜡,,C0001,U001,0,0,, No Tax, exclusive,,,,,,,,,,,,,,no_image.png,Standard
6364203672114,ANKER Charger (Small),,C0001,U012,0,35,, No Tax, exclusive,,,,,,,,,,,,,,no_image.png,Standard
6364195910645,Car Hook 挂钩,,C0001,U005,0,6,, No Tax, exclusive,,,,,,,,,,,,,,no_image.png,Standard
6365526753747,RANGE ROVER DARK BROWN,,C0001,U004,0,440,, No Tax, exclusive,,,,,,,,,,,,,,no_image.png,Standard
6365756765760,Bently SUV Black ,,C0001,U004,0,560,, No Tax, exclusive,,,,,,,,,,,,,,no_image.png,Standard
6360737775074,JS FILTER,,C0004,U001,0,0,, No Tax, exclusive,,,,,,,,,,,,,,no_image.png,Standard
6364306905887,BMW 7series,,C0001,U001,0,24,, No Tax, exclusive,,,,,,,,,,,,,,no_image.png,Standard
4050642904262,DIESEL INJECTION CLEANER,,C0003,U011,0,17,, No Tax, exclusive,,,,,,,,,,,,,,no_image.png,Standard
4100420015151,MARTEN PROTECTION SPRAY,,C0003,U011,0,14,, No Tax, exclusive,,,,,,,,,,,,,,no_image.png,Standard
6361550043272,Shell (Coolant),,C0004,U011,0,17,, No Tax, exclusive,,,,,,,,,,,,,,no_image.png,Standard
6362328251525,ម៉ាស៊ីនមូលតុកាតា​ Twist machine 扭蛋,,C0007,U001,0,5,, No Tax, exclusive,,,,,,,,,,,,,,no_image.png,Standard
5011987229624,Engine Oil Rimula R4X 15W-40,,C0006,U011,0,8,, No Tax, exclusive,,,,,,,,,,,,,,no_image.png,Standard
5011987229648,Engine Oil Rimula R4X 15W-40,,C0006,U008,0,46,, No Tax, exclusive,,,,,,,,,,,,,,no_image.png,Standard
5011987240216,Engine Oil HX7 10W-40,,C0006,U008,0,38,, No Tax, exclusive,,,,,,,,,,,,,,no_image.png,Standard
5011987240193,Engine Oil HX7 5W-30,,C0006,U008,0,41,, No Tax, exclusive,,,,,,,,,,,,,,no_image.png,Standard
5011987240179,Engine Oil HX7 5W-40,,C0006,U001,0,65,, No Tax, exclusive,,,,,,,,,,,,,,no_image.png,Standard
5011987235977,Engine Oil HX7 5W-40,,C0006,U001,0,18,, No Tax, exclusive,,,,,,,,,,,,,,no_image.png,Standard
5011987240186,Engine Oil HX7 5W-30,,C0006,U001,0,11,, No Tax, exclusive,,,,,,,,,,,,,,no_image.png,Standard
5011987240209,Engine Oil HX7 10W-40,,C0006,U001,0,10,, No Tax, exclusive,,,,,,,,,,,,,,no_image.png,Standard
5011987241251,Engine Oil HX5 15W-40,,C0006,U008,0,29,, No Tax, exclusive,,,,,,,,,,,,,,no_image.png,Standard
5011987240247,Engine Oil HX5 15W-40,,C0006,U008,0,8.5,, No Tax, exclusive,,,,,,,,,,,,,,no_image.png,Standard
5011987231528,Engine Oil HX3 20W-50,,C0006,U008,0,25,, No Tax, exclusive,,,,,,,,,,,,,,no_image.png,Standard
5011987231504,Engine Oil HX3 20W-50,,C0006,U011,0,7,, No Tax, exclusive,,,,,,,,,,,,,,no_image.png,Standard
9556217803268,Engine Oil R2 Extra 15W-40,,C0006,U008,0,30,, No Tax, exclusive,,,,,,,,,,,,,,no_image.png,Standard
6365611482417,ប្រេងផ្សេងៗ ,,C0006,U011,0,0,, No Tax, exclusive,,,,,,,,,,,,,,no_image.png,Standard
6361316375715,ប្រេងប្រអប់លេខ,,C0006,U003,0,15,, No Tax, exclusive,,,,,,,,,,,,,,no_image.png,Standard
ATF,ប្រេងប្រអប់លេខ ATF A4​ (1L),,C0006,U011,0,13,, No Tax, exclusive,,,,,,,,,,,,,,no_image.png,Standard
6360747047002,JS OIL FILTER,,C0004,U001,0,6,, No Tax, exclusive,,,,,,,,,,,,,,no_image.png,Standard
6360747062781,JS OIL FILTER,,C0004,U001,0,6,, No Tax, exclusive,,,,,,,,,,,,,,no_image.png,Standard
4047024184930,#042 RX300 LX470 Vigo,,C0003,U001,0,8,, No Tax, exclusive,,,,,,,,,,,,,,no_image.png,Standard
4047025293396,#043 4HF Prus  Corolla93-97 Camry 97 (66),,C0003,U001,0,8,, No Tax, exclusive,,,,,,,,,,,,,,no_image.png,Standard
6361240415686,#002 Audi Q7 3.0L,,C0004,U001,0,25,, No Tax, exclusive,,,,,,,,,,,,,,no_image.png,Standard
4047025250603,#189 Toyota Prius 2010,,C0003,U001,0,10,, No Tax, exclusive,,,,,,,,,,,,,,no_image.png,Standard
6360331011828,JS OILFLTER,,C0006,U001,0,0,, No Tax, exclusive,,,,,,,,,,,,,,no_image.png,Standard
4582431803093,JS 113 ,,C0003,U001,0,6,, No Tax, exclusive,,,,,,,,,,,,,,no_image.png,Standard
1000000000012,JS 111,,C0003,U001,0,6,, No Tax, exclusive,,,,,,,,,,,,,,no_image.png,Standard
4011558061319,Audi Q7 សាំង,,C0003,U001,0,22,, No Tax, exclusive,,,,,,,,,,,,,,no_image.png,Standard
6365292606454,KIA CARNIVAL,,C0002,U001,0,22,, No Tax, exclusive,,,,,,,,,,,,,,no_image.png,Standard
6364375821214,OIL FILTTER (VISTO),,C0004,U001,0,8,, No Tax, exclusive,,,,,,,,,,,,,,no_image.png,Standard
6364375810304,OIL FILTTER NAVARA,,C0004,U001,0,8,, No Tax, exclusive,,,,,,,,,,,,,,no_image.png,Standard
4011558004040,R.R Vouge 2014,,C0003,U001,0,18,, No Tax, exclusive,,,,,,,,,,,,,,no_image.png,Standard
6362388514760,Denso Oil Filter,,C0004,U001,0,8,, No Tax, exclusive,,,,,,,,,,,,,,no_image.png,Standard
6362388534412,Denso Oil Filter,,C0004,U001,0,8,, No Tax, exclusive,,,,,,,,,,,,,,no_image.png,Standard
0415238020  F,LX570 Tundra Oil Filter,,C0003,U001,0,15,, No Tax, exclusive,,,,,,,,,,,,,,no_image.png,Standard
4047024743977,#7090 LC(សាំង)​PRADO GS300 LX460 Fortunner2010,,C0003,U001,0,10,, No Tax, exclusive,,,,,,,,,,,,,,no_image.png,Standard
LR002338,Audi Q7 ម៉ាស៊ុត,,C0004,U001,0,22,, No Tax, exclusive,,,,,,,,,,,,,,no_image.png,Standard
4047024614833,#009 RX350 Highlander 2010,,C0003,U001,0,10,, No Tax, exclusive,,,,,,,,,,,,,,no_image.png,Standard
4011558295301,MecerdesG R.R Vouge014,,C0003,U001,0,18,, No Tax, exclusive,,,,,,,,,,,,,,no_image.png,Standard
6362001506881,#048 4HF Land cruiser Disesel ,,C0004,U001,0,12,, No Tax, exclusive,,,,,,,,,,,,,,no_image.png,Standard
6361949800635,OIL FILTER FORD,,C0004,U001,0,25,, No Tax, exclusive,,,,,,,,,,,,,,no_image.png,Standard
06E115562H,AUDI Q7 2016 UP,,C0003,U001,0,22,, No Tax, exclusive,,,,,,,,,,,,,,no_image.png,Standard
6359185157224,POLISHING,,C0002,U009,0,40,, No Tax, exclusive,,,,,,,,,,,,,,no_image.png,Standard
6360048317481,POLISHING,,C0002,U009,0,60,, No Tax, exclusive,,,,,,,,,,,,,,no_image.png,Standard
6360048340533,POLISHING,,C0002,U009,0,80,, No Tax, exclusive,,,,,,,,,,,,,,no_image.png,Standard
6360048300204,POLISHING,,C0002,U009,0,100,, No Tax, exclusive,,,,,,,,,,,,,,no_image.png,Standard
6360048403343,POLISHING,,C0002,U009,0,120,, No Tax, exclusive,,,,,,,,,,,,,,no_image.png,Standard
6360048408058,POLISHING,,C0002,U009,0,140,, No Tax, exclusive,,,,,,,,,,,,,,no_image.png,Standard
6351684873783,Premium Wash M លាងធម្មតា,,C0005,U009,0,5.5,, No Tax, exclusive,,,,,,,,,,,,,,no_image.png,Standard
6359010423101,Premium Wash B,,C0005,U009,0,7,, No Tax, exclusive,,,,,,,,,,,,,,no_image.png,Standard
6351649767285,Premium Wash S លាងធម្មតា,,C0005,U009,0,4.75,, No Tax, exclusive,,,,,,,,,,,,,,no_image.png,Standard
6351138563210,Premium Wash L លាងធម្មតា,,C0005,U009,0,6.25,, No Tax, exclusive,,,,,,,,,,,,,,no_image.png,Standard
6924967536997,<非凡ll>液体香水补充液魅力清爽（淡绿色+黑色）,,C0001,U011,0,10.5,, No Tax, exclusive,,,,,,,,,,,,,,no_image.png,Standard
6924967536973,<非凡ll>液体香水补充液海洋味（深蓝色+黑色）,,C0001,U011,0,10.5,, No Tax, exclusive,,,,,,,,,,,,,,no_image.png,Standard
6924967537000,<非凡ll>液体香水补充液绿茶味（绿色+黑色）,,C0001,U011,0,10.5,, No Tax, exclusive,,,,,,,,,,,,,,no_image.png,Standard
6924967536966,<非凡ll>液体香水补充液茉莉之心（橙子色+黑色）,,C0001,U011,0,10.5,, No Tax, exclusive,,,,,,,,,,,,,,no_image.png,Standard
6924967536935,<非凡ll>液体香水补充液万人迷香（青紫色+黑色）,,C0001,U011,0,10.5,, No Tax, exclusive,,,,,,,,,,,,,,no_image.png,Standard
6924967536911,<非凡ll>液体香水补充液英伦绅士（天蓝色+黑色）,,C0001,U011,0,10.5,, No Tax, exclusive,,,,,,,,,,,,,,no_image.png,Standard
6924967536928,<非凡ll>液体香水补充液花花公子（淡蓝色+黑色）,,C0001,U011,0,10.5,, No Tax, exclusive,,,,,,,,,,,,,,no_image.png,Standard
6924967536959,<非凡ll>液体香水补充液神秘黑加仑(淡紫色+黑色）,,C0001,U011,0,10.5,, No Tax, exclusive,,,,,,,,,,,,,,no_image.png,Standard
6924967537666,(露力）液体风口香水补充装—清新西柚 （Black),,C0001,U012,0,9.1,, No Tax, exclusive,,,,,,,,,,,,,,no_image.png,Standard
6924967537772,(露力）液体风口香水补充装—神秘黑加仑 （Black),,C0001,U012,0,9.1,, No Tax, exclusive,,,,,,,,,,,,,,no_image.png,Standard
6924967537786,(露力）液体风口香水补充装—茉莉之星 （Black),,C0001,U012,0,9.1,, No Tax, exclusive,,,,,,,,,,,,,,no_image.png,Standard
6924967537703,(彩莹 罗迪欧）风口香水补充装—Charm清爽（light blue),,C0001,U012,0,9.1,, No Tax, exclusive,,,,,,,,,,,,,,no_image.png,Standard
6924967537710,(彩莹 罗迪欧）风口香水补充装—NIGHT 薰衣草 （light purple),,C0001,U012,0,9.1,, No Tax, exclusive,,,,,,,,,,,,,,no_image.png,Standard
6924967537727,(彩莹 罗迪欧）风口香水补充装—Dandy檀香 （light yellow),,C0001,U012,0,9.1,, No Tax, exclusive,,,,,,,,,,,,,,no_image.png,Standard
6924967527285,AQUALID 非凡 液体香水补充液 柠檬味,,C0001,U011,0,8,, No Tax, exclusive,,,,,,,,,,,,,,no_image.png,Standard
6924967527292,AQUALID 非凡 液体香水补充液 柚子味,,C0001,U011,0,8,, No Tax, exclusive,,,,,,,,,,,,,,no_image.png,Standard
6924967527339,AQUALID 非凡 液体香水补充液 茉莉花,,C0001,U011,0,8,, No Tax, exclusive,,,,,,,,,,,,,,no_image.png,Standard
6924967535136,Carbonia <卡本尼亚> 液体香水补充液-黑森林,,C0001,U001,0,8,, No Tax, exclusive,,,,,,,,,,,,,,no_image.png,Standard
6924967535143,Carbonia <卡本尼亚> 液体香水补充液-夜茉C莉,,C0001,U001,0,8,, No Tax, exclusive,,,,,,,,,,,,,,no_image.png,Standard
6924967535150,Carbonia <卡本尼亚> 液体香水补充液-柠檬味,,C0001,U001,0,8,, No Tax, exclusive,,,,,,,,,,,,,,no_image.png,Standard
6924967535167,Carbonia <卡本尼亚> 液体香水补充液-白麝香,,C0001,U001,0,8,, No Tax, exclusive,,,,,,,,,,,,,,no_image.png,Standard
6924967535174,Carbonia <卡本尼亚> 液体香水补充液-国际味,,C0001,U001,0,8,, No Tax, exclusive,,,,,,,,,,,,,,no_image.png,Standard
6924967535181,Carbonia <卡本尼亚> 液体香水补充液-爽快味,,C0001,U001,0,8,, No Tax, exclusive,,,,,,,,,,,,,,no_image.png,Standard
6924967520996,AQUALID<叶子>瓶装香水补充液-柠檬,,C0001,U011,0,7,, No Tax, exclusive,,,,,,,,,,,,,,no_image.png,Standard
6924967521009,AQUALID<叶子>瓶装香水补充液-古龙水,,C0001,U011,0,7,, No Tax, exclusive,,,,,,,,,,,,,,no_image.png,Standard
6924967521016,AQUALID<叶子>瓶装香水补充液-桂花,,C0001,U011,0,7,, No Tax, exclusive,,,,,,,,,,,,,,no_image.png,Standard
6924967521023,AQUALID<叶子>瓶装香水补充液-白兰花,,C0001,U011,0,7,, No Tax, exclusive,,,,,,,,,,,,,,no_image.png,Standard
6924967521030,AQUALID<叶子>瓶装香水补充液-玫瑰花,,C0001,U011,0,7,, No Tax, exclusive,,,,,,,,,,,,,,no_image.png,Standard
6924967521535,AQUALID<叶子>瓶装香水补充液-麝香味,,C0001,U011,0,7,, No Tax, exclusive,,,,,,,,,,,,,,no_image.png,Standard
6924967521542,AQUALID<叶子>瓶装香水补充液-国际味,,C0001,U011,0,6,, No Tax, exclusive,,,,,,,,,,,,,,no_image.png,Standard
6924967521559,AQUALID<叶子>瓶装香水补充液-薰衣草,,C0001,U011,0,7,, No Tax, exclusive,,,,,,,,,,,,,,no_image.png,Standard
6924967521573,AQUALID<叶子>瓶装香水补充液-古龙味,,C0001,U011,0,7,, No Tax, exclusive,,,,,,,,,,,,,,no_image.png,Standard
6924967521962,SPA瓶装补充液-绿茶,,C0001,U011,0,7,, No Tax, exclusive,,,,,,,,,,,,,,no_image.png,Standard
6924967521979,SPA瓶装补充液-海洋,,C0001,U011,0,7,, No Tax, exclusive,,,,,,,,,,,,,,no_image.png,Standard
6924967521986,SPA瓶装补充液-麝香味,,C0001,U011,0,7,, No Tax, exclusive,,,,,,,,,,,,,,no_image.png,Standard
6924967524819,AQUALID<叶子>瓶装香水补充液水蜜桃(粉红),,C0001,U011,0,6,, No Tax, exclusive,,,,,,,,,,,,,,no_image.png,Standard
6924967524826,AQUALID<叶子>瓶装香水补充液青苹果(绿色),,C0001,U011,0,6,, No Tax, exclusive,,,,,,,,,,,,,,no_image.png,Standard
6924967535853,彩莹·卡纯 果冻香水补充装-深蓝+银色(花花公子),,C0001,U012,0,19,, No Tax, exclusive,,,,,,,,,,,,,,no_image.png,Standard
6924967535860,彩莹·卡纯 果冻香水补充装-深蓝+银色(英伦绅士),,C0001,U012,0,19,, No Tax, exclusive,,,,,,,,,,,,,,no_image.png,Standard
6924967527322,<非凡>液体香水补充液玫瑰花,,C0001,U012,0,8,, No Tax, exclusive,,,,,,,,,,,,,,no_image.png,Standard
6924967524802,AQUALID <叶子>瓶装香水补充液柠檬味(黄色),,C0001,U011,0,6,, No Tax, exclusive,,,,,,,,,,,,,,no_image.png,Standard
6924967524833,AQUALID<叶子>瓶装香水补充液橙子味(橙色),,C0001,U011,0,6,, No Tax, exclusive,,,,,,,,,,,,,,no_image.png,Standard
6360842512834,Seat Bell Clip (1),,C0001,U001,0,11,, No Tax, exclusive,,,,,,,,,,,,,,no_image.png,Standard
6360842676552,Seat Bell Clip (ត្បូង),,C0001,U001,0,9,, No Tax, exclusive,,,,,,,,,,,,,,no_image.png,Standard
6360842645480,Seat bell clip (2),,C0001,U001,0,10,, No Tax, exclusive,,,,,,,,,,,,,,no_image.png,Standard
6360351032667,COFFEE,,C0006,U007,0,2,, No Tax, exclusive,,,,,,,,,,,,,,no_image.png,Standard
6360143850073,Drink,,C0007,U011,0,0.25,, No Tax, exclusive,,,,,,,,,,,,,,no_image.png,Standard
6361939504323,COFFEE AND MILK TEA,,C0007,U007,0,1.5,, No Tax, exclusive,,,,,,,,,,,,,,no_image.png,Standard
6361939500876,SOFT DRINK,,C0006,U001,0,0.75,, No Tax, exclusive,,,,,,,,,,,,,,no_image.png,Standard
6361939516678,MILK,,C0007,U012,0,0.63,, No Tax, exclusive,,,,,,,,,,,,,,no_image.png,Standard
6361939587773,CHOCOLATE,,C0007,U007,0,2.5,, No Tax, exclusive,,,,,,,,,,,,,,no_image.png,Standard
6361939560678,DRINK,,C0001,U011,0,0.88,, No Tax, exclusive,,,,,,,,,,,,,,no_image.png,Standard
6360843657484,Car Sticker (FIL),,C0001,U001,0,3,, No Tax, exclusive,,,,,,,,,,,,,,no_image.png,Standard
4975144550512,NAPOLEX 挂饰纸巾盒套 FIZZ-1017,,C0001,U001,0,14,, No Tax, exclusive,,,,,,,,,,,,,,no_image.png,Standard
4713157926364,AGR 毛毛纸巾盒套TJ-636 WHITE ,,C0001,U001,0,21.5,, No Tax, exclusive,,,,,,,,,,,,,,no_image.png,Standard
4905339076732,SEIWA 纸巾套W573 BLACK ,,C0001,U001,0,27.5,, No Tax, exclusive,,,,,,,,,,,,,,no_image.png,Standard
4711542023056,JANDA 毛毛纸巾盒套 V-3605 BLACK,,C0001,U001,0,12.5,, No Tax, exclusive,,,,,,,,,,,,,,no_image.png,Standard
6924967548853,简约时尚纸巾盒-黑色Black,,C0001,U012,0,14,, No Tax, exclusive,,,,,,,,,,,,,,no_image.png,Standard
4974267101427,SEIKO 格紋紙巾盒套 EH-142 黑色,,C0001,U001,0,23.5,, No Tax, exclusive,,,,,,,,,,,,,,no_image.png,Standard
4974267101717,SEIKO 後座掛式紙巾盒套 EH-171,,C0001,U001,0,20,, No Tax, exclusive,,,,,,,,,,,,,,no_image.png,Standard
6364203670637,ANKER Charger (BIG),,C0001,U012,0,45,, No Tax, exclusive,,,,,,,,,,,,,,no_image.png,Standard
4979969009316,YAC USB 2+1 有線插頭 PZ-709 黑色,,C0001,U012,0,35.5,, No Tax, exclusive,,,,,,,,,,,,,,no_image.png,Standard
4979969009330,YAC USB 2+2 插頭 PZ-711 黑色,,C0001,U012,0,38.5,, No Tax, exclusive,,,,,,,,,,,,,,no_image.png,Standard
6360119924766,FIZZ USB 2+3 有線插頭 FIZZ-939 白色,,C0001,U012,0,33,, No Tax, exclusive,,,,,,,,,,,,,,no_image.png,Standard
4974267051234,SEIKO USB 2+1 充電指示燈插頭 EM-123 黑色,,C0001,U012,0,40,, No Tax, exclusive,,,,,,,,,,,,,,no_image.png,Standard
4975144109383,FIZZ USB 2+2 直插頭 FIZZ-938 白色,,C0001,U012,0,29.5,, No Tax, exclusive,,,,,,,,,,,,,,no_image.png,Standard
6924967540819, ZAX3 孔插座(黑色),,C0001,U001,0,17.5,, No Tax, exclusive,,,,,,,,,,,,,,no_image.png,Standard
4024835379717,Rapid Windscreen Cleaner,,C0003,U011,0,3,, No Tax, exclusive,,,,,,,,,,,,,,no_image.png,Standard
4050641444974,Conventional Wiper blade 18",,C0003,U006,0,6,, No Tax, exclusive,,,,,,,,,,,,,,no_image.png,Standard
4050641444981,Conventional Wiper blade 20",,C0003,U006,0,6.8,, No Tax, exclusive,,,,,,,,,,,,,,no_image.png,Standard
4050641445001,Conventional Wiper blade 22",,C0003,U006,0,7.5,, No Tax, exclusive,,,,,,,,,,,,,,no_image.png,Standard
4050641445018,Conventional Wiper blade 24",,C0003,U006,0,8.5,, No Tax, exclusive,,,,,,,,,,,,,,no_image.png,Standard
4047025218214,Wiper Blade 16",,C0003,U001,0,6,, No Tax, exclusive,,,,,,,,,,,,,,no_image.png,Standard
4047025571968,Wiper Blade 18",,C0003,U001,0,6,, No Tax, exclusive,,,,,,,,,,,,,,no_image.png,Standard
4047025218252,Wiper Blade 20",,C0003,U001,0,6,, No Tax, exclusive,,,,,,,,,,,,,,no_image.png,Standard
4047025572019,Wiper Blade 24",,C0003,U001,0,6,, No Tax, exclusive,,,,,,,,,,,,,,no_image.png,Standard
4047023223357,ផ្លឺតទឹកជ័រ Wiper Aerotwin 22",,C0003,U001,0,15,, No Tax, exclusive,,,,,,,,,,,,,,no_image.png,Standard
4047025572002,Wiper Blade 22",,C0004,U001,0,6,, No Tax, exclusive,,,,,,,,,,,,,,no_image.png,Standard
6363909906617,Wiper Blade 14",,C0004,U001,0,6,, No Tax, exclusive,,,,,,,,,,,,,,no_image.png,Standard
4047025630573,ផ្លឺតទឹកជ័រ Clear Advantage 18",,C0003,U001,0,11,, No Tax, exclusive,,,,,,,,,,,,,,no_image.png,Standard
4047025630610,ផ្លឺតទឹកជ័រ Clear Advantage 22",,C0003,U001,0,11,, No Tax, exclusive,,,,,,,,,,,,,,no_image.png,Standard
6924967541915,3000R曲面后视镜240mm 黑色,,C0001,U012,0,14,, No Tax, exclusive,,,,,,,,,,,,,,no_image.png,Standard
6924967541922,3000R曲面后视镜270mm,,C0001,U012,0,16,, No Tax, exclusive,,,,,,,,,,,,,,no_image.png,Standard
6924967541953,3000R曲面后视铬镜240mm,,C0001,U012,0,18.5,, No Tax, exclusive,,,,,,,,,,,,,,no_image.png,Standard
6924967541960,3000R曲面后视铬镜270mm,,C0001,U012,0,21.5,, No Tax, exclusive,,,,,,,,,,,,,,no_image.png,Standard
6924967541977,3000R曲面后视蓝镜270mm,,C0001,U012,0,30.5,, No Tax, exclusive,,,,,,,,,,,,,,no_image.png,Standard
6924967541984,3000R曲面后视蓝镜290mm,,C0001,U012,0,35.5,, No Tax, exclusive,,,,,,,,,,,,,,no_image.png,Standard
6924967548617,<卡本尼亚>3000曲面后视镜-防眩铬镜270mm,,C0001,U012,0,29,, No Tax, exclusive,,,,,,,,,,,,,,no_image.png,Standard
6924967548624,<卡本尼亚>3000曲面后视镜-蓝铬色防眩镜270mm,,C0001,U012,0,40,, No Tax, exclusive,,,,,,,,,,,,,,no_image.png,Standard
6924967546095,太阳能空气净化器-陶瓷纤维过滤(黑色),,C0001,U012,0,138.5,, No Tax, exclusive,,,,,,,,,,,,,,no_image.png,Standard
6924967546101,太阳能空气净化器-备长炭过滤(银色),,C0001,U012,0,162.5,, No Tax, exclusive,,,,,,,,,,,,,,no_image.png,Standard
6924967548969,防滑软垫（带边框）（黑色+红色）,,C0001,U010,0,27,, No Tax, exclusive,,,,,,,,,,,,,,no_image.png,Standard
6924967547450,USB充电器（双孔）-黑色,,C0001,U001,0,24.5,, No Tax, exclusive,,,,,,,,,,,,,,no_image.png,Standard
6924967547467,USB充电器（双孔）-白色,,C0001,U001,0,24.5,, No Tax, exclusive,,,,,,,,,,,,,,no_image.png,Standard
6362087531545,MEIHO 松弛后座杂物袋RK162,,C0001,U001,0,26,, No Tax, exclusive,,,,,,,,,,,,,,no_image.png,Standard
4956019505387,MEIHO 松弛熊挂式纸巾套RK253,,C0001,U001,0,25.5,, No Tax, exclusive,,,,,,,,,,,,,,no_image.png,Standard
6362087675638,SEIWA 后座杂物袋W625 BLACK,,C0001,U001,0,23,, No Tax, exclusive,,,,,,,,,,,,,,no_image.png,Standard
4905339107290,SEIWA 杂物架连纸巾套W729,,C0001,U001,0,21.5,, No Tax, exclusive,,,,,,,,,,,,,,no_image.png,Standard
6362087637676,SEIWA 后座防踏垫杂物袋W879,,C0001,U001,0,33,, No Tax, exclusive,,,,,,,,,,,,,,no_image.png,Standard
6363530472322,Umbrella,,C0001,U001,0,250,, No Tax, exclusive,,,,,,,,,,,,,,no_image.png,Standard
4956019504700,MEIHO 松弛牛奶熊软套RK185,,C0001,U001,0,54,, No Tax, exclusive,,,,,,,,,,,,,,no_image.png,Standard
4905339108792,SEIWA 后座防踏垫杂物袋 W879,,C0001,U001,0,33,, No Tax, exclusive,,,,,,,,,,,,,,no_image.png,Standard
4956019504472,MEIHO 驰熊后座杂物袋 RK162,,C0001,U001,0,26,, No Tax, exclusive,,,,,,,,,,,,,,no_image.png,Standard
6924967548877,简约时尚垃圾桶-黑色Black,,C0001,U001,0,16.5,, No Tax, exclusive,,,,,,,,,,,,,,no_image.png,Standard
4905339077258,SEIWA 后座杂物袋W625 BLACK,,C0001,U001,0,23.5,, No Tax, exclusive,,,,,,,,,,,,,,no_image.png,Standard
4905339107009,SEIWA 保温保冷杂物袋W700 BLACK,,C0001,U001,0,31.5,, No Tax, exclusive,,,,,,,,,,,,,,no_image.png,Standard
4975144460439,FIZZ 后座杂物袋JK-43 BLACK,,C0001,U001,0,35,, No Tax, exclusive,,,,,,,,,,,,,,no_image.png,Standard
6360843700821,3D Shadow Light,,C0001,U001,0,25,, No Tax, exclusive,,,,,,,,,,,,,,no_image.png,Standard
6360439645274,TEST,,C0001,U001,0,10,, No Tax, exclusive,,,,,,,,,,,,,,no_image.png,Standard
4956019504984,MEIHO 鬆弛熊電話袋 RK213,,C0001,U012,0,31.5,, No Tax, exclusive,,,,,,,,,,,,,,no_image.png,Standard
4975144460897,NAPOLEX 後座雜物架 JK-89 黑色,,C0001,U001,0,43,, No Tax, exclusive,,,,,,,,,,,,,,no_image.png,Standard
4956019505332,MEIHO 鬆弛熊貓型安全帶扣 RK248,,C0001,U001,0,16,, No Tax, exclusive,,,,,,,,,,,,,,no_image.png,Standard
4956019504250,MEIHO 鬆弛/牛奶熊安全帶扣 RK140,,C0001,U001,0,29.5,, No Tax, exclusive,,,,,,,,,,,,,,no_image.png,Standard
4956019505257,MEIHO 鬆弛熊貓型有吸盤告示牌 Baby In Car RK240,,C0001,U010,0,19.5,, No Tax, exclusive,,,,,,,,,,,,,,no_image.png,Standard
4905339075728,HYPER GEAR 有吸盤告示牌 Baby In Car W472,,C0001,U010,0,15.5,, No Tax, exclusive,,,,,,,,,,,,,,no_image.png,Standard
4905339107931,SEIWA 有吸盤告示牌 Baby In Car W793 紫色,,C0001,U010,0,18.5,, No Tax, exclusive,,,,,,,,,,,,,,no_image.png,Standard
4905339075704,HYPER GEAR 有吸盤告示牌 Baby In Car W470,,C0001,U010,0,15.5,, No Tax, exclusive,,,,,,,,,,,,,,no_image.png,Standard
4956019504144,MEIHO 牛奶熊掛勾 RK129,,C0001,U001,0,23.5,, No Tax, exclusive,,,,,,,,,,,,,,no_image.png,Standard
4956019502102,MEIHO 鬆弛熊雜物袋 M25,,C0001,U001,0,21,, No Tax, exclusive,,,,,,,,,,,,,,no_image.png,Standard
4974267071188,SEIKO 卷裝門邊膠 EW-118 銀色,,C0001,U010,0,19.5,, No Tax, exclusive,,,,,,,,,,,,,,no_image.png,Standard
6360120141600,SEIKO 卷裝防撞膠 EW-129 紅色,,C0001,U002,0,25,, No Tax, exclusive,,,,,,,,,,,,,,no_image.png,Standard
4974267071225,SEIKO 卷裝門邊膠 EW-122 黑色,,C0001,U002,0,17.5,, No Tax, exclusive,,,,,,,,,,,,,,no_image.png,Standard
4905339085857,SEIWA 防撞膠 K385 炭纖,,C0001,U002,0,19.5,, No Tax, exclusive,,,,,,,,,,,,,,no_image.png,Standard
4974267013584,SEIKO 門膠 EW-58 黑色,,C0001,U010,0,20,, No Tax, exclusive,,,,,,,,,,,,,,no_image.png,Standard
4974267013089,SEIKO 門邊膠 EW-8 透明色,,C0001,U002,0,11.5,, No Tax, exclusive,,,,,,,,,,,,,,no_image.png,Standard
6360120206851,SEIKO 門膠 EW-131 透明色,,C0001,U002,0,13,, No Tax, exclusive,,,,,,,,,,,,,,no_image.png,Standard
4974267013096,SEIKO 門膠 EW-9 黑色,,C0001,U002,0,11.5,, No Tax, exclusive,,,,,,,,,,,,,,no_image.png,Standard
4905339085956,SEIWA 門膠 K395 黑色,,C0001,U012,0,21,, No Tax, exclusive,,,,,,,,,,,,,,no_image.png,Standard
4974267071232,SEIKO 卷裝門邊膠 EW-123 黑色,,C0001,U012,0,21.5,, No Tax, exclusive,,,,,,,,,,,,,,no_image.png,Standard
4979969005271,YAC 卷裝門邊膠 PZ-379 電鍍 銀色,,C0001,U012,0,21.5,, No Tax, exclusive,,,,,,,,,,,,,,no_image.png,Standard
4979969005226,YAC 卷裝門邊膠 PZ-374 電鍍 銀色,,C0001,U012,0,23.5,, No Tax, exclusive,,,,,,,,,,,,,,no_image.png,Standard
4974267071287,SEIKO 卷裝防撞膠 EW-128 藍色,,C0001,U012,0,25.5,, No Tax, exclusive,,,,,,,,,,,,,,no_image.png,Standard
4905339085680,SEIWA 卷裝門邊膠 K368 紅色,,C0001,U012,0,30.5,, No Tax, exclusive,,,,,,,,,,,,,,no_image.png,Standard
4979969005219,YAC 卷裝門邊膠 PZ-373 電鍍銀,,C0001,U012,0,17.5,, No Tax, exclusive,,,,,,,,,,,,,,no_image.png,Standard
6924967548532,卡本尼亚-置物盒防滑软垫(黑色),,C0001,U010,0,16.5,, No Tax, exclusive,,,,,,,,,,,,,,no_image.png,Standard
6924967548549,卡本尼亚-防滑软垫-黑色,,C0001,U010,0,16.5,, No Tax, exclusive,,,,,,,,,,,,,,no_image.png,Standard
6924967542332,调节型辅助镜圆形(2块装),,C0001,U012,0,14.5,, No Tax, exclusive,,,,,,,,,,,,,,no_image.png,Standard
6924967542349,调节型辅助镜扇形(2块装),,C0001,U012,0,14.5,, No Tax, exclusive,,,,,,,,,,,,,,no_image.png,Standard
6924967542356,调节型辅助镜长半圆形(2块装),,C0001,U012,0,14.5,, No Tax, exclusive,,,,,,,,,,,,,,no_image.png,Standard
6924967544411,加长型辅助镜(黑色),,C0001,U012,0,14.5,, No Tax, exclusive,,,,,,,,,,,,,,no_image.png,Standard
6924967544435,小型曲面镜(黑色),,C0001,U012,0,7,, No Tax, exclusive,,,,,,,,,,,,,,no_image.png,Standard
6924967548648,粘贴型眼镜夹,,C0001,U012,0,9.5,, No Tax, exclusive,,,,,,,,,,,,,,no_image.png,Standard
6924967548631,调节型迷你曲面镜辅助镜,,C0001,U012,0,12,, No Tax, exclusive,,,,,,,,,,,,,,no_image.png,Standard
6924967548235,乖乖兔 装饰灯（蓝色）,,C0001,U001,0,13.5,, No Tax, exclusive,,,,,,,,,,,,,,no_image.png,Standard
6924967548242,乖乖兔 装饰灯（粉红色）,,C0001,U001,0,13.5,, No Tax, exclusive,,,,,,,,,,,,,,no_image.png,Standard
6924967548259,乖乖兔 装饰灯 (白色）,,C0001,U001,0,13.5,, No Tax, exclusive,,,,,,,,,,,,,,no_image.png,Standard
6924967548747,<卡本尼亚>无线2孔+2USB接口车载插座(炭纤维纹),,C0001,U012,0,30.5,, No Tax, exclusive,,,,,,,,,,,,,,no_image.png,Standard
6924967548730,卡本尼亚 有线2孔+2USB接口车载插座(炭纤维纹),,C0001,U012,0,34.5,, No Tax, exclusive,,,,,,,,,,,,,,no_image.png,Standard
6924967548587,卡本尼亚 手机架&饮料架(黑色),,C0001,U012,0,13.5,, No Tax, exclusive,,,,,,,,,,,,,,no_image.png,Standard
6924967548563,卡本尼亚 饮料袋,,C0001,U012,0,13.5,, No Tax, exclusive,,,,,,,,,,,,,,no_image.png,Standard
6924967548570,卡本尼亚 置物袋,,C0001,U001,0,18.5,, No Tax, exclusive,,,,,,,,,,,,,,no_image.png,Standard
6924967548693,弹性内卡木纹饮料架-木纹,,C0001,U001,0,18.5,, No Tax, exclusive,,,,,,,,,,,,,,no_image.png,Standard
6924967541076,超强防滑垫小号(色黑15x12cm),,C0001,U010,0,8,, No Tax, exclusive,,,,,,,,,,,,,,no_image.png,Standard
6924967541083,超强防滑垫大号(色黑14x20cm),,C0001,U010,0,12.5,, No Tax, exclusive,,,,,,,,,,,,,,no_image.png,Standard
6924967544503,FIRSTCLASS 眼镜架(黑色),,C0001,U012,0,11.5,, No Tax, exclusive,,,,,,,,,,,,,,no_image.png,Standard
6924967544510,FIRSTCLASS 眼镜架(茶色),,C0001,U012,0,11.5,, No Tax, exclusive,,,,,,,,,,,,,,no_image.png,Standard
6363702516717,Land Cruiser (Back) Milk,,C0001,U010,0,80,, No Tax, exclusive,,,,,,,,,,,,,,no_image.png,Standard
6364125815340,BACK NX200T BLACK RED,,C0001,U010,0,80,, No Tax, exclusive,,,,,,,,,,,,,,no_image.png,Standard
6364125845553,BACK RX200T BLACK RED,,C0001,U010,0,80,, No Tax, exclusive,,,,,,,,,,,,,,no_image.png,Standard
6364125807853,BACK 450D DARK RED,,C0001,U010,0,200,, No Tax, exclusive,,,,,,,,,,,,,,no_image.png,Standard
6364920936771,Back Lexus 570 Dark Red,,C0001,U010,0,200,, No Tax, exclusive,,,,,,,,,,,,,,no_image.png,Standard
6364798538310,Back Lexuse LX570,,C0001,U010,0,200,, No Tax, exclusive,,,,,,,,,,,,,,no_image.png,Standard
6363479044347,MAZADA CX9 (BLACK MILK),,C0001,U004,0,80,, No Tax, exclusive,,,,,,,,,,,,,,no_image.png,Standard
6361722582655,Lexus LX470 2004 (Milk),,C0001,U010,0,79,, No Tax, exclusive,,,,,,,,,,,,,,no_image.png,Standard
6365756761077,Back Bently SUV,,C0001,U010,0,200,, No Tax, exclusive,,,,,,,,,,,,,,no_image.png,Standard
6361403944263,Lexus LX570 2016 ,,C0001,U001,0,200,, No Tax, exclusive,,,,,,,,,,,,,,no_image.png,Standard
4956019505264,MEIHO 熊猫型坐垫 RK241,,C0001,U001,0,26.5,, No Tax, exclusive,,,,,,,,,,,,,,no_image.png,Standard
6924967548303,旋转自动伸缩防滑手机架（黑色）,,C0001,U001,0,14,, No Tax, exclusive,,,,,,,,,,,,,,no_image.png,Standard
6924967546538,宽幅伸缩式手机架-黑色,,C0001,U001,0,16,, No Tax, exclusive,,,,,,,,,,,,,,no_image.png,Standard
6924967543957,<康芙特>颈枕（鸵鸟皮纹）(白色),,C0001,U001,0,21.5,, No Tax, exclusive,,,,,,,,,,,,,,no_image.png,Standard
6359755053110,Premium Wash XS លាងធម្មតា,,C0001,U009,0,4,, No Tax, exclusive,,,,,,,,,,,,,,no_image.png,Standard
6360030264210,Premium Wash ,,C0001,U009,0,4,, No Tax, exclusive,,,,,,,,,,,,,,no_image.png,Standard
6360030308775,Premium Wash,,C0001,U009,0,4,, No Tax, exclusive,,,,,,,,,,,,,,no_image.png,Standard
6924967532647,消臭碳 无香,,C0001,U012,0,12,, No Tax, exclusive,,,,,,,,,,,,,,no_image.png,Standard
6924967532654,消臭碳 柠檬味,,C0001,U012,0,12,, No Tax, exclusive,,,,,,,,,,,,,,no_image.png,Standard
6361040438461,សំលាប់មេរោគ​ 消毒,,C0001,U009,0,0,, No Tax, exclusive,,,,,,,,,,,,,,no_image.png,Standard
6360057451788,Dry Clean,,C0001,U009,0,40,, No Tax, exclusive,,,,,,,,,,,,,,no_image.png,Standard
6361586538013,Car Engine Cleaning,,C0001,U009,0,40,, No Tax, exclusive,,,,,,,,,,,,,,no_image.png,Standard
6363651973177,សេវាកម្មផ្សេងៗ Other Service ,,C0001,U009,0,0,, No Tax, exclusive,,,,,,,,,,,,,,no_image.png,Standard
6951972600504,Pitch Cleaner (សំអាត់ជ័រ),,C0001,U011,0,15,, No Tax, exclusive,,,,,,,,,,,,,,no_image.png,Standard
6924967546613,角度调节型2孔插座（带USB接口）,,C0001,U012,0,24,, No Tax, exclusive,,,,,,,,,,,,,,no_image.png,Standard
6924967548556,PM2.5过滤器替换装,,C0001,U012,0,45,, No Tax, exclusive,,,,,,,,,,,,,,no_image.png,Standard
6359902028833,PM2.5空气净化器（USB接口）-珍珠白  ,,C0001,U012,0,212,, No Tax, exclusive,,,,,,,,,,,,,,no_image.png,Standard
6924967540826,ZAX 4孔插座(黑色),,C0001,U012,0,20,, No Tax, exclusive,,,,,,,,,,,,,,no_image.png,Standard
6924967547405,卡本尼亚 眼镜夹-白色,,C0001,U012,0,8,, No Tax, exclusive,,,,,,,,,,,,,,no_image.png,Standard
6924967547399,<卡本尼亚>眼镜夹-黑色,,C0001,U012,0,8.5,, No Tax, exclusive,,,,,,,,,,,,,,no_image.png,Standard
6924967548211,PM2.5净化器（USB接口）（黑色）,,C0001,U012,0,212,, No Tax, exclusive,,,,,,,,,,,,,,no_image.png,Standard
6363703264585,Black wash XS លាងពិសេស,,C0005,U009,0,15,, No Tax, exclusive,,,,,,,,,,,,,,no_image.png,Standard
6363703347785,Black wash M លាងពិសេស,,C0005,U009,0,35,, No Tax, exclusive,,,,,,,,,,,,,,no_image.png,Standard
6363703318653,Black wash L លាងពិសេស,,C0005,U009,0,45,, No Tax, exclusive,,,,,,,,,,,,,,no_image.png,Standard
6363703202248,Black wash S​ ​លាងពិសេស,,C0005,U009,0,25,, No Tax, exclusive,,,,,,,,,,,,,,no_image.png,Standard
6360288543740,សំលាប់មេរោគ​ 消毒,,C0001,U009,0,6,, No Tax, exclusive,,,,,,,,,,,,,,no_image.png,Standard
4053479389998,Wurth Radiator Coolant (4L),,C0001,U008,0,35,, No Tax, exclusive,,,,,,,,,,,,,,no_image.png,Standard
4050642912830,Petrol inject cleaner,,C0001,U011,0,17,, No Tax, exclusive,,,,,,,,,,,,,,no_image.png,Standard
4050642912557,Petrol Treatment,,C0001,U011,0,17,, No Tax, exclusive,,,,,,,,,,,,,,no_image.png,Standard
4050642914216,Engine Oil,,C0001,U011,0,19,, No Tax, exclusive,,,,,,,,,,,,,,no_image.png,Standard
6363702778542,Lexus RX200t (2017),,C0001,U004,0,560,, No Tax, exclusive,,,,,,,,,,,,,,no_image.png,Standard
6364798285152,Chevolet 2016 Black Red,,C0001,U004,0,288,, No Tax, exclusive,,,,,,,,,,,,,,no_image.png,Standard
6364798370481,Mecerdes G Class (Dark Brown),,C0001,U004,0,288,, No Tax, exclusive,,,,,,,,,,,,,,no_image.png,Standard
6364593074241,Carmat 丝圈脚垫 3mx0.58m,,C0001,U004,0,82,, No Tax, exclusive,,,,,,,,,,,,,,no_image.png,Standard
6364593057561,Carmat 丝圈脚垫 3mx0.58m,,C0001,U004,0,82,, No Tax, exclusive,,,,,,,,,,,,,,no_image.png,Standard
6364593057671,Carmat 丝圈脚垫 3mx0.58m,,C0001,U004,0,82,, No Tax, exclusive,,,,,,,,,,,,,,no_image.png,Standard
6364990417367,Land Crusier (Milk),,C0001,U004,0,440,, No Tax, exclusive,,,,,,,,,,,,,,no_image.png,Standard
6364592735104,Audi Q7 2012 (7 Seats),,C0001,U004,0,775,, No Tax, exclusive,,,,,,,,,,,,,,no_image.png,Standard
6364592782742,Lexus RX350 ,,C0001,U004,0,288,, No Tax, exclusive,,,,,,,,,,,,,,no_image.png,Standard
6364798470488,Alphard Execultive lounge (Milk),,C0001,U004,0,350,, No Tax, exclusive,,,,,,,,,,,,,,no_image.png,Standard
6364798448128,Mazada CX5 2016 (Black Red),,C0001,U004,0,288,, No Tax, exclusive,,,,,,,,,,,,,,no_image.png,Standard
6364798564618,Lexus LX570 DARK RED,,C0001,U004,0,560,, No Tax, exclusive,,,,,,,,,,,,,,no_image.png,Standard
6363582443271,Lexus RX270 Dark Brown,,C0001,U004,0,288,, No Tax, exclusive,,,,,,,,,,,,,,no_image.png,Standard
6363702616465,Mecerdes Benz S Class,,C0001,U004,0,560,, No Tax, exclusive,,,,,,,,,,,,,,no_image.png,Standard
6363036170172,Carmat 丝圈脚垫 3mx0.58m,,C0001,U004,0,82,, No Tax, exclusive,,,,,,,,,,,,,,no_image.png,Standard
6363036148056,Carmat 丝圈脚垫 3mx0.58m,,C0001,U004,0,82,, No Tax, exclusive,,,,,,,,,,,,,,no_image.png,Standard
6362647610356,Chevolet 2016 Black Grey,,C0001,U004,0,288,, No Tax, exclusive,,,,,,,,,,,,,,no_image.png,Standard
6362595141217,Lexus570 2016,,C0001,U004,0,288,, No Tax, exclusive,,,,,,,,,,,,,,no_image.png,Standard
6362647681344,Lexus RX400H Milk,,C0001,U004,0,288,, No Tax, exclusive,,,,,,,,,,,,,,no_image.png,Standard
6362701403271,Mecerdes Benz S600,,C0001,U004,0,288,, No Tax, exclusive,,,,,,,,,,,,,,no_image.png,Standard
6362701486587,Range Rover Vogue 2014 (BACK),,C0001,U010,0,200,, No Tax, exclusive,,,,,,,,,,,,,,no_image.png,Standard
6362828312417,Lexus GS300 (black Grey),,C0001,U004,0,288,, No Tax, exclusive,,,,,,,,,,,,,,no_image.png,Standard
6363607031103,Land Cruiser(Dark Brown) ,,C0001,U004,0,288,, No Tax, exclusive,,,,,,,,,,,,,,no_image.png,Standard
6363089146811,Mecerdes GL320,,C0004,U004,0,388,, No Tax, exclusive,,,,,,,,,,,,,,no_image.png,Standard
6362986701565,Range Rover Vogue (4seats),,C0001,U004,0,690,, No Tax, exclusive,,,,,,,,,,,,,,no_image.png,Standard
6363479087870,TUNDRA 2008,,C0001,U004,0,288,, No Tax, exclusive,,,,,,,,,,,,,,no_image.png,Standard
6363479030643,LEXUS LS460L,,C0001,U004,0,288,, No Tax, exclusive,,,,,,,,,,,,,,no_image.png,Standard
6363479065614,LEXUS RX350,,C0001,U004,0,560,, No Tax, exclusive,,,,,,,,,,,,,,no_image.png,Standard
6363479004370,TOYOTA ALPHARD (MILK),,C0001,U004,0,350,, No Tax, exclusive,,,,,,,,,,,,,,no_image.png,Standard
6363479061034,Lexus LX570 2016 (Dark brown),,C0001,U010,0,690,, No Tax, exclusive,,,,,,,,,,,,,,no_image.png,Standard
6361213341038,Lexus LX570 2018,,C0001,U004,0,560,, No Tax, exclusive,,,,,,,,,,,,,,no_image.png,Standard
6361213377014,BMW X6,,C0001,U004,0,352,, No Tax, exclusive,,,,,,,,,,,,,,no_image.png,Standard
6361213483626,Toyota Alphard,,C0001,U004,0,140,, No Tax, exclusive,,,,,,,,,,,,,,no_image.png,Standard
6361213458242,Toyota Highlander,,C0001,U004,0,288,, No Tax, exclusive,,,,,,,,,,,,,,no_image.png,Standard
6361213480501,Mecerdes S500,,C0001,U004,0,560,, No Tax, exclusive,,,,,,,,,,,,,,no_image.png,Standard
6361213441115,Range Rover,,C0001,U004,0,690,, No Tax, exclusive,,,,,,,,,,,,,,no_image.png,Standard
6361213461580,Lexus LX470,,C0001,U004,0,288,, No Tax, exclusive,,,,,,,,,,,,,,no_image.png,Standard
6361593232451,Range Rover Vouge 2014,,C0006,U004,0,560,, No Tax, exclusive,,,,,,,,,,,,,,no_image.png,Standard
6361722655071,Tundra 2010 (Black+Milk),,C0001,U004,0,288,, No Tax, exclusive,,,,,,,,,,,,,,no_image.png,Standard
6361722607170,Hammer H2 2006 (Light Brown),,C0001,U004,0,288,, No Tax, exclusive,,,,,,,,,,,,,,no_image.png,Standard
6362232256150,Lexus ES350 (Milk),,C0001,U004,0,288,, No Tax, exclusive,,,,,,,,,,,,,,no_image.png,Standard
6365370662260,MAZADA CX9 (MILK),,C0001,U004,0,350,, No Tax, exclusive,,,,,,,,,,,,,,no_image.png,Standard
6365370682142,FORD FIESTA (BLACK RED),,C0001,U004,0,288,, No Tax, exclusive,,,,,,,,,,,,,,no_image.png,Standard
6365473035236,RANGE ROVER SPORT BROWN,,C0001,U004,0,440,, No Tax, exclusive,,,,,,,,,,,,,,no_image.png,Standard
6365592963843,LEXUS LX 2018 DARK RED,,C0001,U004,0,560,, No Tax, exclusive,,,,,,,,,,,,,,no_image.png,Standard
6365756635126,Mecerdes V220d Black,,C0001,U004,0,350,, No Tax, exclusive,,,,,,,,,,,,,,no_image.png,Standard
6365756785348,Bently SUV Dark Red,,C0001,U004,0,560,, No Tax, exclusive,,,,,,,,,,,,,,no_image.png,Standard
6365689077404,LEXUS LS460L MILK,,C0001,U004,0,288,, No Tax, exclusive,,,,,,,,,,,,,,no_image.png,Standard
6360947258241,Lexus LX570 07-015,,C0001,U004,0,690,, No Tax, exclusive,,,,,,,,,,,,,,no_image.png,Standard
6360947281445,BMW X3 (Black Grey),,C0001,U004,0,288,, No Tax, exclusive,,,,,,,,,,,,,,no_image.png,Standard
6360947221532,Prus 2010,,C0001,U004,0,288,, No Tax, exclusive,,,,,,,,,,,,,,no_image.png,Standard
6361404762424,Range Rover Vogue,,C0001,U004,0,690,, No Tax, exclusive,,,,,,,,,,,,,,no_image.png,Standard
6361404702504,Audi Q7 08-15,,C0001,U004,0,288,, No Tax, exclusive,,,,,,,,,,,,,,no_image.png,Standard
6361404745557,Audi Q7 08-15 (Black Grey),,C0001,U004,0,288,, No Tax, exclusive,,,,,,,,,,,,,,no_image.png,Standard
6361404745883,Audi Q7 08-15 (Milk),,C0001,U004,0,288,, No Tax, exclusive,,,,,,,,,,,,,,no_image.png,Standard
6361404748814,Toyota Highlander 2012 (Black Grey),,C0001,U004,0,288,, No Tax, exclusive,,,,,,,,,,,,,,no_image.png,Standard
6361404807367,Toyota Land cruiser 2015 (Light brown),,C0001,U004,0,288,, No Tax, exclusive,,,,,,,,,,,,,,no_image.png,Standard
6360851927370,Land Cruiser (Back) Black+red,,C0001,U004,0,79,, No Tax, exclusive,,,,,,,,,,,,,,no_image.png,Standard
6361722684605,Mecerdes M-GLA 250 (Black+Red),,C0001,U004,0,288,, No Tax, exclusive,,,,,,,,,,,,,,no_image.png,Standard
6360947176517,BMW 7 series 09-12,,C0001,U004,0,560,, No Tax, exclusive,,,,,,,,,,,,,,no_image.png,Standard
6360947234232,Range Rover 5 seats (have airs),,C0001,U004,0,690,, No Tax, exclusive,,,,,,,,,,,,,,no_image.png,Standard
6360947281623,Lexus LX570 (Back),,C0001,U004,0,79,, No Tax, exclusive,,,,,,,,,,,,,,no_image.png,Standard
6360947213203,Ford Everest (Black grey),,C0001,U004,0,288,, No Tax, exclusive,,,,,,,,,,,,,,no_image.png,Standard
6360947272764,Mecerdes E class (2004),,C0001,U004,0,288,, No Tax, exclusive,,,,,,,,,,,,,,no_image.png,Standard
6360947317676,Tundra (Light brown),,C0001,U004,0,288,, No Tax, exclusive,,,,,,,,,,,,,,no_image.png,Standard
6360747104033,3M Land Cruiser,,C0001,U004,0,690,, No Tax, exclusive,,,,,,,,,,,,,,no_image.png,Standard
6360747147054,3M Range Rover Evoque,,C0001,U004,0,690,, No Tax, exclusive,,,,,,,,,,,,,,no_image.png,Standard
6360747163276,MR Porsche Panamera ,,C0001,U004,0,560,, No Tax, exclusive,,,,,,,,,,,,,,no_image.png,Standard
6360747122082,Lexus570 2016 (Black Grey),,C0001,U004,0,288,, No Tax, exclusive,,,,,,,,,,,,,,no_image.png,Standard
6360747210257,Lexus570 2016 (Black Red),,C0001,U004,0,288,, No Tax, exclusive,,,,,,,,,,,,,,no_image.png,Standard
6360747227324,Land cruiser (Milk),,C0001,U004,0,288,, No Tax, exclusive,,,,,,,,,,,,,,no_image.png,Standard
6360747275433,Land cruiser (Black red),,C0001,U004,0,288,, No Tax, exclusive,,,,,,,,,,,,,,no_image.png,Standard
6360747233745,Land cruiser (Black grey),,C0001,U004,0,288,, No Tax, exclusive,,,,,,,,,,,,,,no_image.png,Standard
6360747375440,Lexus 570 2010 (Milk),,C0001,U004,0,288,, No Tax, exclusive,,,,,,,,,,,,,,no_image.png,Standard
6360747341816,Alphard Execultive lounge ( Light brown),,C0001,U004,0,350,, No Tax, exclusive,,,,,,,,,,,,,,no_image.png,Standard
6360747380813,Tundra (Milk),,C0001,U004,0,288,, No Tax, exclusive,,,,,,,,,,,,,,no_image.png,Standard
6360747387572,Tundra (Black red),,C0001,U004,0,288,, No Tax, exclusive,,,,,,,,,,,,,,no_image.png,Standard
6360747335302,Lexus GS300 (Milk),,C0001,U004,0,288,, No Tax, exclusive,,,,,,,,,,,,,,no_image.png,Standard
6360478724356,Carmat 丝圈脚垫 3mx0.58m,,C0001,U004,0,82,, No Tax, exclusive,,,,,,,,,,,,,,no_image.png,Standard
6360478751625,Carmat 丝圈脚垫 3mx0.58m,,C0001,U004,0,82,, No Tax, exclusive,,,,,,,,,,,,,,no_image.png,Standard
6360478738812,Carmat 丝圈脚垫 3mx0.58m,,C0001,U004,0,82,, No Tax, exclusive,,,,,,,,,,,,,,no_image.png,Standard
6360478704231,Carmat 丝圈脚垫 3mx0.58m,,C0001,U004,0,82,, No Tax, exclusive,,,,,,,,,,,,,,no_image.png,Standard
6360271834738,Range Rover 专用皮革菱形脚垫,,C0001,U004,0,288,, No Tax, exclusive,,,,,,,,,,,,,,no_image.png,Standard
6360271888851,Range Rover Vouge Black Red,,C0001,U004,0,288,, No Tax, exclusive,,,,,,,,,,,,,,no_image.png,Standard
6360271840324,Range Rover Evoque 专用皮革菱形脚垫,,C0001,U004,0,288,, No Tax, exclusive,,,,,,,,,,,,,,no_image.png,Standard
6360271822006,Range Rover Evoque 专用皮革菱形脚垫,,C0001,U004,0,288,, No Tax, exclusive,,,,,,,,,,,,,,no_image.png,Standard
6360246151241,3M Land Cruiser ,,C0001,U004,0,690,, No Tax, exclusive,,,,,,,,,,,,,,no_image.png,Standard
6360246104066,3M Trunk,,C0001,U004,0,250,, No Tax, exclusive,,,,,,,,,,,,,,no_image.png,Standard
6360254188411,MR Lexus RX,,C0001,U004,0,560,, No Tax, exclusive,,,,,,,,,,,,,,no_image.png,Standard
6360254231456,MR Trunk,,C0001,U004,0,200,, No Tax, exclusive,,,,,,,,,,,,,,no_image.png,Standard
6360254265206,Land Cruiser 专用皮革菱形脚垫,,C0001,U004,0,288,, No Tax, exclusive,,,,,,,,,,,,,,no_image.png,Standard
6360254234253,Grade 3 Trunk,,C0001,U004,0,79,, No Tax, exclusive,,,,,,,,,,,,,,no_image.png,Standard
6360254240500,Grade 4,,C0001,U004,0,150,, No Tax, exclusive,,,,,,,,,,,,,,no_image.png,Standard
6360254263008,Grade 5,,C0001,U004,0,82,, No Tax, exclusive,,,,,,,,,,,,,,no_image.png,Standard
6360255235502,3M Lexus 570,,C0001,U004,0,690,, No Tax, exclusive,,,,,,,,,,,,,,no_image.png,Standard
6360255230356,3M Lexus 570,,C0001,U004,0,690,, No Tax, exclusive,,,,,,,,,,,,,,no_image.png,Standard
6360255277760,3M Range Rover ,,C0001,U004,0,690,, No Tax, exclusive,,,,,,,,,,,,,,no_image.png,Standard
6360255836871,MR Land Cruiser,,C0001,U004,0,560,, No Tax, exclusive,,,,,,,,,,,,,,no_image.png,Standard
6360255810800,MR Lexus LX570,,C0001,U004,0,560,, No Tax, exclusive,,,,,,,,,,,,,,no_image.png,Standard
6360255950788,MR Range Rover,,C0001,U004,0,560,, No Tax, exclusive,,,,,,,,,,,,,,no_image.png,Standard
6360255962131,MR (Range Rover Sport),,C0001,U004,0,560,, No Tax, exclusive,,,,,,,,,,,,,,no_image.png,Standard
6360256204226,Land Cruiser 专用皮革菱形脚垫,,C0001,U004,0,288,, No Tax, exclusive,,,,,,,,,,,,,,no_image.png,Standard
6360256211475,New Audi Q7 专用皮革菱形脚垫,,C0001,U004,0,288,, No Tax, exclusive,,,,,,,,,,,,,,no_image.png,Standard
6360256236832,New Audi Q7 专用皮革菱形脚垫,,C0001,U004,0,288,, No Tax, exclusive,,,,,,,,,,,,,,no_image.png,Standard
6360256213736,New Audi Q7 专用皮革菱形脚垫,,C0001,U004,0,288,, No Tax, exclusive,,,,,,,,,,,,,,no_image.png,Standard
6360256222025,New Audi Q7 专用皮革菱形脚垫,,C0001,U004,0,288,, No Tax, exclusive,,,,,,,,,,,,,,no_image.png,Standard
6360256313401,Range Rover Sport 专用皮革菱形脚垫,,C0001,U004,0,288,, No Tax, exclusive,,,,,,,,,,,,,,no_image.png,Standard
6360256334558,Range Rover Sport 专用皮革菱形脚垫,,C0001,U004,0,288,, No Tax, exclusive,,,,,,,,,,,,,,no_image.png,Standard
6360256372302,Range Rover Sport 专用皮革菱形脚垫,,C0001,U004,0,288,, No Tax, exclusive,,,,,,,,,,,,,,no_image.png,Standard
6360436275004,BMW 2014 7 series 专用皮革菱形脚垫,,C0001,U004,0,288,, No Tax, exclusive,,,,,,,,,,,,,,no_image.png,Standard
6360436440822,BMW 2014 7 series ​专用皮革菱形脚垫,,C0001,U004,0,288,, No Tax, exclusive,,,,,,,,,,,,,,no_image.png,Standard
6360436400587,BMW 2014 7 series 专用皮革菱形脚垫,,C0001,U004,0,288,, No Tax, exclusive,,,,,,,,,,,,,,no_image.png,Standard
6360436568727,Lexus RX 专用皮革菱形脚垫,,C0001,U004,0,288,, No Tax, exclusive,,,,,,,,,,,,,,no_image.png,Standard
6360436500704,Lexus RX 专用皮革菱形脚垫,,C0001,U004,0,288,, No Tax, exclusive,,,,,,,,,,,,,,no_image.png,Standard
6360436561346,Lexus RX 专用皮革菱形脚垫,,C0001,U004,0,288,, No Tax, exclusive,,,,,,,,,,,,,,no_image.png,Standard
6360436544387,Lexus RX200T Black red ,,C0001,U004,0,288,, No Tax, exclusive,,,,,,,,,,,,,,no_image.png,Standard
6360436550755,Lexus NX200t,,C0001,U004,0,288,, No Tax, exclusive,,,,,,,,,,,,,,no_image.png,Standard
6360436646366,Lexus NX 专用皮革菱形脚垫,,C0001,U004,0,288,, No Tax, exclusive,,,,,,,,,,,,,,no_image.png,Standard
6360436651484,Lexus NX 专用皮革菱形脚垫,,C0001,U004,0,288,, No Tax, exclusive,,,,,,,,,,,,,,no_image.png,Standard
6360436602523,Lexus LX570 专用皮革菱形脚垫,,C0001,U004,0,288,, No Tax, exclusive,,,,,,,,,,,,,,no_image.png,Standard
6360436624542,Lexus LX570 专用皮革菱形脚垫 ,,C0001,U004,0,288,, No Tax, exclusive,,,,,,,,,,,,,,no_image.png,Standard
6360436646588,BMW X6 专用皮革菱形脚垫,,C0001,U004,0,288,, No Tax, exclusive,,,,,,,,,,,,,,no_image.png,Standard
6360436681231,BMW 528i 专用皮革菱形脚垫,,C0001,U004,0,288,, No Tax, exclusive,,,,,,,,,,,,,,no_image.png,Standard
6360436604807,Camry 2008 专用皮革菱形脚垫,,C0001,U004,0,288,, No Tax, exclusive,,,,,,,,,,,,,,no_image.png,Standard
6360436688162,Camry 2008 专用皮革菱形脚垫,,C0001,U004,0,288,, No Tax, exclusive,,,,,,,,,,,,,,no_image.png,Standard
6360436672021,Camry 2008 专用皮革菱形脚垫,,C0001,U004,0,288,, No Tax, exclusive,,,,,,,,,,,,,,no_image.png,Standard
6360436675635,Camry 2008 专用皮革菱形脚垫,,C0001,U004,0,288,, No Tax, exclusive,,,,,,,,,,,,,,no_image.png,Standard
6360477845652,Land Cruiser 专用包边丝圈脚垫,,C0001,U004,0,120,, No Tax, exclusive,,,,,,,,,,,,,,no_image.png,Standard
6360477921766,Land Cruiser 专用包边丝圈脚垫,,C0001,U004,0,120,, No Tax, exclusive,,,,,,,,,,,,,,no_image.png,Standard
6360478446152,Land Cruiser 专用包边丝圈脚垫,,C0001,U004,0,120,, No Tax, exclusive,,,,,,,,,,,,,,no_image.png,Standard
6360478451605,Audi Q7 2016 专用包边丝圈脚垫,,C0001,U004,0,120,, No Tax, exclusive,,,,,,,,,,,,,,no_image.png,Standard
6360478465521,Audi Q7 2016 专用包边丝圈脚垫,,C0001,U004,0,120,, No Tax, exclusive,,,,,,,,,,,,,,no_image.png,Standard
6360478575861,Audi Q7 08-15 专用包边丝圈脚垫,,C0001,U004,0,120,, No Tax, exclusive,,,,,,,,,,,,,,no_image.png,Standard
6360478546887,Audi Q7 08-15 专用包边丝圈脚垫,,C0001,U004,0,120,, No Tax, exclusive,,,,,,,,,,,,,,no_image.png,Standard
6360478500420,Range Rover Sport 专用包边丝圈脚垫,,C0001,U004,0,120,, No Tax, exclusive,,,,,,,,,,,,,,no_image.png,Standard
6360478518612,Range Rover Sport 专用包边丝圈脚垫,,C0001,U004,0,120,, No Tax, exclusive,,,,,,,,,,,,,,no_image.png,Standard
6360478513431,Range Rover 专用包边丝圈脚垫,,C0001,U004,0,120,, No Tax, exclusive,,,,,,,,,,,,,,no_image.png,Standard
6360478502837,Range Rover 专用包边丝圈脚垫,,C0001,U004,0,120,, No Tax, exclusive,,,,,,,,,,,,,,no_image.png,Standard
6360478531842,BMW 7Series 2014 专用包边丝圈脚垫,,C0001,U004,0,120,, No Tax, exclusive,,,,,,,,,,,,,,no_image.png,Standard
6360478530803,BMW 7Series 2014 专用包边丝圈脚垫,,C0001,U004,0,120,, No Tax, exclusive,,,,,,,,,,,,,,no_image.png,Standard
6360478505587,BMW X6 专用包边丝圈脚垫,,C0001,U004,0,120,, No Tax, exclusive,,,,,,,,,,,,,,no_image.png,Standard
6360478503822,Lexus RX 专用包边丝圈脚垫,,C0001,U004,0,120,, No Tax, exclusive,,,,,,,,,,,,,,no_image.png,Standard
6360478665415,Lexus NX 专用包边丝圈脚垫,,C0001,U004,0,120,, No Tax, exclusive,,,,,,,,,,,,,,no_image.png,Standard
6360478617553,Lexus LX570 专用包边丝圈脚垫,,C0001,U004,0,107,, No Tax, exclusive,,,,,,,,,,,,,,no_image.png,Standard
6360478612345,BMW 528i 专用包边丝圈脚垫,,C0001,U004,0,120,, No Tax, exclusive,,,,,,,,,,,,,,no_image.png,Standard
6360478606757,Lexus LX570 专用包边丝圈脚垫,,C0001,U004,0,107,, No Tax, exclusive,,,,,,,,,,,,,,no_image.png,Standard
6360478657645,BMW 528i 专用包边丝圈脚垫,,C0001,U004,0,120,, No Tax, exclusive,,,,,,,,,,,,,,no_image.png,Standard
6924967535938,<彩莹·卡纯>液体香水补充装-深蓝+银色(花花公子),,C0001,U012,0,19,, No Tax, exclusive,,,,,,,,,,,,,,no_image.png,Standard
6924967535945,<彩莹·卡纯>液体香水补充装-深蓝+银色(英伦绅士),,C0001,U012,0,19,, No Tax, exclusive,,,,,,,,,,,,,,no_image.png,Standard
6924967526554,<彩莹·真棒>风口香水补充装海洋味,,C0001,U012,0,4.5,, No Tax, exclusive,,,,,,,,,,,,,,no_image.png,Standard
6924967526301,彩莹·真棒 风口香水补充装白麝香,,C0001,U012,0,4.5,, No Tax, exclusive,,,,,,,,,,,,,,no_image.png,Standard
6924967526318,彩莹·真棒 风口香水补充装麝香味,,C0001,U012,0,4.5,, No Tax, exclusive,,,,,,,,,,,,,,no_image.png,Standard
6924967526332,彩莹·真棒 风口香水补充装草莓味,,C0001,U012,0,4.5,, No Tax, exclusive,,,,,,,,,,,,,,no_image.png,Standard
6924967526523,彩莹·真棒 风口香水补充装柠檬味,,C0001,U012,0,4.5,, No Tax, exclusive,,,,,,,,,,,,,,no_image.png,Standard
6924967535426,<露力>风口香水补充装-铃兰＆青苹果,,C0001,U012,0,7,, No Tax, exclusive,,,,,,,,,,,,,,no_image.png,Standard
6924967535433,<露力>风口香水补充装-茉莉＆香梨味,,C0001,U012,0,7,, No Tax, exclusive,,,,,,,,,,,,,,no_image.png,Standard
6924967535440,<露力>风口香水补充装-金桔花＆柑橘味,,C0001,U012,0,7,, No Tax, exclusive,,,,,,,,,,,,,,no_image.png,Standard
6924967535457,<露力>风口香水补充装-香雪兰＆山莓味,,C0001,U012,0,7,, No Tax, exclusive,,,,,,,,,,,,,,no_image.png,Standard
6924967535891,彩莹·卡纯 风口香水补充装-深蓝+银色(花花公子),,C0001,U012,0,11,, No Tax, exclusive,,,,,,,,,,,,,,no_image.png,Standard
6924967535907,彩莹·卡纯 风口香水补充装-深蓝+银色(英伦绅士),,C0001,U012,0,11,, No Tax, exclusive,,,,,,,,,,,,,,no_image.png,Standard
6924967536317,露力 风口香水补充装-清新西柚,,C0001,U012,0,7,, No Tax, exclusive,,,,,,,,,,,,,,no_image.png,Standard
6924967536324,露力 风口香水补充装-神秘黑加仑,,C0001,U012,0,7,, No Tax, exclusive,,,,,,,,,,,,,,no_image.png,Standard
6924967536331,露力 风口香水补充装-茉莉之星,,C0001,U012,0,7,, No Tax, exclusive,,,,,,,,,,,,,,no_image.png,Standard
6360973713711,test 消毒,,C0001,U001,0,0,, No Tax, exclusive,,,,,,,,,,,,,,no_image.png,Standard
11421427908,BMFS F2T GX5 ,,C0003,U001,0,15,, No Tax, exclusive,,,,,,,,,,,,,,no_image.png,Standard
6360591535070,Ford 2012_2016 Mazada,,C0004,U001,0,14,, No Tax, exclusive,,,,,,,,,,,,,,no_image.png,Standard
0415231090  F,Camry hybrid 09,,C0003,U001,0,14,, No Tax, exclusive,,,,,,,,,,,,,,no_image.png,Standard
4027816384052,Audi A8,,C0003,U001,0,22,, No Tax, exclusive,,,,,,,,,,,,,,no_image.png,Standard
04152YZZA5  Z,LX570 Tundra,,C0003,U001,0,14,, No Tax, exclusive,,,,,,,,,,,,,,no_image.png,Standard
15208-BN30A,NAVARA,,C0003,U001,0,7,, No Tax, exclusive,,,,,,,,,,,,,,no_image.png,Standard
6951972600153,Foam Cleaner ស្ពាយបោកស្ងួត,,C0001,U011,0,15,, No Tax, exclusive,,,,,,,,,,,,,,no_image.png,Standard
6360444612057,ឈប់ប្រើ,,C0001,U001,0,0,, No Tax, exclusive,,,,,,,,,,,,,,no_image.png,Standard
6361663342072,ULGO COATING,,C0001,U009,0,0,, No Tax, exclusive,,,,,,,,,,,,,,no_image.png,Standard
6363036526535,Ultra Window Coating,,C0001,U009,0,0,, No Tax, exclusive,,,,,,,,,,,,,,no_image.png,Standard
6924967530520,<彩莹 黑马> 固体香水 Brilliant Shower,,C0001,U012,0,15,, No Tax, exclusive,,,,,,,,,,,,,,no_image.png,Standard
6924967537949,<彩莹 黑马> 固体香水 Aberfitch,,C0001,U012,0,15,, No Tax, exclusive,,,,,,,,,,,,,,no_image.png,Standard
6924967534696,<萌猫.表情>旋转固体香水-蜜桃甜心（粉红色）,,C0001,U001,0,16.5,, No Tax, exclusive,,,,,,,,,,,,,,no_image.png,Standard
6924967534719,<萌猫.表情>旋转固体香水-清新柠檬（白色）,,C0001,U001,0,16.5,, No Tax, exclusive,,,,,,,,,,,,,,no_image.png,Standard
6924967532715,水果园消臭果冻II（水蜜桃）红色,,C0001,U001,0,15,, No Tax, exclusive,,,,,,,,,,,,,,no_image.png,Standard
6924967538724,(露力茶)沸石含浸香水-柠檬茶(蓝色),,C0001,U001,0,20,, No Tax, exclusive,,,,,,,,,,,,,,no_image.png,Standard
6924967538748,(露力茶)沸石含浸香水-玫瑰茶(绿色),,C0001,U001,0,20,, No Tax, exclusive,,,,,,,,,,,,,,no_image.png,Standard
6924967538755,(露力茶)沸石含浸香水-椰子茶(黑色),,C0001,U001,0,20,, No Tax, exclusive,,,,,,,,,,,,,,no_image.png,Standard
6924967539158,(露力茶)沸石风口香水 茶系列-柠檬茶(绿色),,C0001,U001,0,16,, No Tax, exclusive,,,,,,,,,,,,,,no_image.png,Standard
6924967539165,露力茶)沸石风口香水 茶系列-芒果茶(黄色),,C0001,U001,0,16,, No Tax, exclusive,,,,,,,,,,,,,,no_image.png,Standard
6924967539172,露力茶)沸石风口香水 茶系列-玫瑰茶(红色),,C0001,U001,0,16,, No Tax, exclusive,,,,,,,,,,,,,,no_image.png,Standard
6924967530513,<彩莹 黑马> 固体香水 White Musk ,,C0001,U012,0,15,, No Tax, exclusive,,,,,,,,,,,,,,no_image.png,Standard
6924967538731,(露力茶)沸石含浸香水-芒果茶(黄色),,C0001,U001,0,20,, No Tax, exclusive,,,,,,,,,,,,,,no_image.png,Standard
6924967539189,露力茶)沸石风口香水 茶系列-椰子茶(蓝色),,C0001,U001,0,16,, No Tax, exclusive,,,,,,,,,,,,,,no_image.png,Standard
6924967538991,(伊伦)风口香水-英伦绅士(苍穹灰),,C0001,U001,0,16,, No Tax, exclusive,,,,,,,,,,,,,,no_image.png,Standard
6924967539004,(伊伦)风口香水-尼斯鲜果(苍穹灰),,C0001,U001,0,16,, No Tax, exclusive,,,,,,,,,,,,,,no_image.png,Standard
6924967539011,(伊伦)风口香水-夜晚鸡毛酒(苍穹灰),,C0001,U001,0,16,, No Tax, exclusive,,,,,,,,,,,,,,no_image.png,Standard
6924967539028,(伊伦)风口香水-迷情毒药(苍穹灰),,C0001,U001,0,16,, No Tax, exclusive,,,,,,,,,,,,,,no_image.png,Standard
6924967530346,<消臭博士>液体除菌消臭喷剂 无香,,C0001,U001,0,16.5,, No Tax, exclusive,,,,,,,,,,,,,,no_image.png,Standard
6924967534702,<萌猫.表情>旋转固体香水-青苹果（绿色）,,C0001,U001,0,16.5,, No Tax, exclusive,,,,,,,,,,,,,,no_image.png,Standard
6924967534726,<萌猫.表情>旋转固体香水-水晶葡萄（紫色）,,C0001,U001,0,16.5,, No Tax, exclusive,,,,,,,,,,,,,,no_image.png,Standard
6924967529258,<消臭博士>固体除菌消臭盒,,C0001,U001,0,14,, No Tax, exclusive,,,,,,,,,,,,,,no_image.png,Standard
6924967532722,水果园消臭果冻II（青苹果）绿色,,C0001,U001,0,15,, No Tax, exclusive,,,,,,,,,,,,,,no_image.png,Standard
6924967532739,水果园消臭果冻II（橙子味）橙色,,C0001,U001,0,15,, No Tax, exclusive,,,,,,,,,,,,,,no_image.png,Standard
6924967532746,水果园消臭喷剂II（柠檬味）黄色,,C0001,U001,0,12,, No Tax, exclusive,,,,,,,,,,,,,,no_image.png,Standard
6924967532753,水果园消臭喷剂II（水蜜桃）红色,,C0001,U001,0,12,, No Tax, exclusive,,,,,,,,,,,,,,no_image.png,Standard
6924967532777,水果园消臭喷剂II（橙子味）橙色,,C0001,U001,0,12,, No Tax, exclusive,,,,,,,,,,,,,,no_image.png,Standard
6924967532807,水果园消臭果冻_夹放型（青苹果）绿色,,C0001,U001,0,14,, No Tax, exclusive,,,,,,,,,,,,,,no_image.png,Standard
6924967529241,<消臭博士>固体除菌消臭罐,,C0001,U001,0,11.5,, No Tax, exclusive,,,,,,,,,,,,,,no_image.png,Standard
4956019503352,MEIHO 熊弛熊侧挡RK50,,C0001,U001,0,17,, No Tax, exclusive,,,,,,,,,,,,,,no_image.png,Standard
4956019504311,MEIHO 松弛熊置物袋RK146,,C0001,U001,0,16,, No Tax, exclusive,,,,,,,,,,,,,,no_image.png,Standard
6924967536874,(Fruit Deodorant) 消臭果冻_柠檬味,,C0001,U012,0,15,, No Tax, exclusive,,,,,,,,,,,,,,no_image.png,Standard
6924967536898,(Fruit Deodorant)　消臭果冻_神秘黑加仑,,C0001,U012,0,15,, No Tax, exclusive,,,,,,,,,,,,,,no_image.png,Standard
6924967536904,(Fruit Deodorant)　消臭果冻 清新菠萝,,C0001,U012,0,15,, No Tax, exclusive,,,,,,,,,,,,,,no_image.png,Standard
6362087348687,MEIHO 松驰熊猫型风口香薰RK244 白麝香味,,C0001,U001,0,19,, No Tax, exclusive,,,,,,,,,,,,,,no_image.png,Standard
4956019505295,MEIHO 松驰熊猫型风口香薰RK244 白麝香味,,C0001,U001,0,19,, No Tax, exclusive,,,,,,,,,,,,,,no_image.png,Standard
4956019505288,MEIHO 松驰熊猫型风口香薰RK243 士多啤梨味,,C0001,U001,0,19,, No Tax, exclusive,,,,,,,,,,,,,,no_image.png,Standard
4956019503673,MEIHO 松弛牛奶熊风口香薰RK82 麝香味,,C0001,U001,0,18,, No Tax, exclusive,,,,,,,,,,,,,,no_image.png,Standard
4979969871333,YAV熊本熊风口香珠TS-K6 柑橘味 黄色,,C0001,U001,0,17.5,, No Tax, exclusive,,,,,,,,,,,,,,no_image.png,Standard
4979969871319,YAV熊本熊风口香珠TS-K4 花香味 蓝色,,C0001,U001,0,17.5,, No Tax, exclusive,,,,,,,,,,,,,,no_image.png,Standard
132165465,YAV熊本熊风口香珠TS-K5 草原味 绿色,,C0001,U001,0,17.5,, No Tax, exclusive,,,,,,,,,,,,,,no_image.png,Standard
4979969871326,YAV熊本熊风口香珠TS-K5 草原味 绿色,,C0001,U001,0,17.5,, No Tax, exclusive,,,,,,,,,,,,,,no_image.png,Standard
6365655116152,Flower Vase (big),,C0001,U001,0,12,, No Tax, exclusive,,,,,,,,,,,,,,no_image.png,Standard
6365655281346,Flower Vase+Dog ,,C0001,U001,0,20,, No Tax, exclusive,,,,,,,,,,,,,,no_image.png,Standard
6365655284482,CharmEncounter,,C0001,U001,0,5,, No Tax, exclusive,,,,,,,,,,,,,,no_image.png,Standard
6365655330530,Fresh Green Tea,,C0001,U001,0,5,, No Tax, exclusive,,,,,,,,,,,,,,no_image.png,Standard
6365655345485,Charm Cologne,,C0001,U001,0,5,, No Tax, exclusive,,,,,,,,,,,,,,no_image.png,Standard
6365655351143,Aromatice Rose,,C0001,U001,0,5,, No Tax, exclusive,,,,,,,,,,,,,,no_image.png,Standard
6365905418337,Flower Vase​+Dog​ ដែក,,C0001,U004,0,18,, No Tax, exclusive,,,,,,,,,,,,,,no_image.png,Standard
6365905481664,រទះ​+កូនឆ្កែ,,C0001,U004,0,18,, No Tax, exclusive,,,,,,,,,,,,,,no_image.png,Standard
6924967537543,<消臭博士>增强型除菌消臭罐,,C0001,U012,0,11.5,, No Tax, exclusive,,,,,,,,,,,,,,no_image.png,Standard
6924967537550,<消臭博士>增强型除菌消臭盒,,C0001,U012,0,14,, No Tax, exclusive,,,,,,,,,,,,,,no_image.png,Standard
6924967536881,(Fruit Deodorant)　消臭果冻－清新西柚,,C0001,U012,0,15,, No Tax, exclusive,,,,,,,,,,,,,,no_image.png,Standard
6924967537642,(彩莹 罗迪欧）风口香水—Dandy檀香 （light yellow),,C0001,U001,0,26,, No Tax, exclusive,,,,,,,,,,,,,,no_image.png,Standard
6924967537734,(露力）液体风口香水—清新西柚 （Black),,C0001,U011,0,20,, No Tax, exclusive,,,,,,,,,,,,,,no_image.png,Standard
6924967537741,(露力）液体风口香水—神秘黑加仑 （Black),,C0001,U001,0,20,, No Tax, exclusive,,,,,,,,,,,,,,no_image.png,Standard
6924967537758,(露力）液体风口香水—茉莉之星 （Black),,C0001,U001,0,20,, No Tax, exclusive,,,,,,,,,,,,,,no_image.png,Standard
6924967537765,(露力）液体风口香水—茉莉&香梨 （Black),,C0001,U001,0,13.8,, No Tax, exclusive,,,,,,,,,,,,,,no_image.png,Standard
6924967537796,(彩莹 朗格）风口香水　万人迷香,,C0001,U001,0,11.4,, No Tax, exclusive,,,,,,,,,,,,,,no_image.png,Standard
6924967537802,(彩莹 朗格）风口香水-万人迷香,,C0001,U001,0,11.4,, No Tax, exclusive,,,,,,,,,,,,,,no_image.png,Standard
6924967537819,(彩莹 朗格）风口香水-黑森林,,C0001,U001,0,11.4,, No Tax, exclusive,,,,,,,,,,,,,,no_image.png,Standard
6924967537833,(露力）沸石风口香水—清新西柚 （Black),,C0001,U011,0,13.8,, No Tax, exclusive,,,,,,,,,,,,,,no_image.png,Standard
6924967537840,(露力））沸石风口香水—神秘黑加仑 （Black),,C0001,U001,0,14,, No Tax, exclusive,,,,,,,,,,,,,,no_image.png,Standard
6924967537857,(露力）沸石风口香水—茉莉之星 （Black),,C0001,U001,0,13.8,, No Tax, exclusive,,,,,,,,,,,,,,no_image.png,Standard
6924967537628,(彩莹 罗迪欧）风口香水—Charm清爽（light green),,C0001,U001,0,26,, No Tax, exclusive,,,,,,,,,,,,,,no_image.png,Standard
6924967537635,(彩莹 罗迪欧）风口香水—NIGHT 薰衣草 （light purple),,C0001,U001,0,26,, No Tax, exclusive,,,,,,,,,,,,,,no_image.png,Standard
6924967537864,(露力）液体风口香水—铃兰&青苹果 （Black),,C0001,U001,0,14,, No Tax, exclusive,,,,,,,,,,,,,,no_image.png,Standard
4976363122115,卡饰社Cue 消臭香膏3102沐浴味 红色,,C0001,U001,0,11,, No Tax, exclusive,,,,,,,,,,,,,,no_image.png,Standard
4976363122122,卡饰社Cue 消臭香膏3103清爽味 橙色,,C0001,U001,0,11,, No Tax, exclusive,,,,,,,,,,,,,,no_image.png,Standard
4976363122139,卡饰社Cue 消臭香膏3104柑橘味 青色,,C0001,U001,0,11,, No Tax, exclusive,,,,,,,,,,,,,,no_image.png,Standard
4976363122146,卡饰社Cue 消臭香膏3105果汁味 绿色,,C0001,U001,0,11,, No Tax, exclusive,,,,,,,,,,,,,,no_image.png,Standard
4976363122153,卡饰社Cue 消臭香膏3106幽香沐浴味 蓝色,,C0001,U001,0,11,, No Tax, exclusive,,,,,,,,,,,,,,no_image.png,Standard
4976363122160,卡饰社Cue 消臭香膏3107香皂味 紫色,,C0001,U001,0,11,, No Tax, exclusive,,,,,,,,,,,,,,no_image.png,Standard
4976363122177,卡饰社Cue 消臭香膏3108白麝香味 灰色,,C0001,U001,0,11,, No Tax, exclusive,,,,,,,,,,,,,,no_image.png,Standard
4956019505233,MEIHO 牛奶熊香座 RK238,,C0001,U001,0,19,, No Tax, exclusive,,,,,,,,,,,,,,no_image.png,Standard
6362087305368,MEIHO 松弛牛奶熊风口香薰RK82 麝香味,,C0001,U001,0,18,, No Tax, exclusive,,,,,,,,,,,,,,no_image.png,Standard
6362087382263,MEIHO 松驰熊猫型风口香薰RK243 士多啤梨味,,C0001,U001,0,19,, No Tax, exclusive,,,,,,,,,,,,,,no_image.png,Standard
6362087350247,YAV熊本熊风口香珠TS-K4 花香味 蓝色,,C0001,U001,0,18,, No Tax, exclusive,,,,,,,,,,,,,,no_image.png,Standard
6362087368386,YAV熊本熊风口香珠TS-K5 草原味 绿色,,C0001,U001,0,18,, No Tax, exclusive,,,,,,,,,,,,,,no_image.png,Standard
6362087482601,YAV熊本熊风口香珠TS-K6 柑橘味 黄色,,C0001,U001,0,18,, No Tax, exclusive,,,,,,,,,,,,,,no_image.png,Standard
6924967537871,(露力）沸石含风口香水—清新西柚 （Black),,C0001,U011,0,16.2,, No Tax, exclusive,,,,,,,,,,,,,,no_image.png,Standard
6924967537956,(露力）沸石含风口香水—玫瑰花语 （Black),,C0001,U011,0,16.2,, No Tax, exclusive,,,,,,,,,,,,,,no_image.png,Standard
6924967537079,(彩莹 尼罗）风口香水—万人迷香（黑色）Black,,C0001,U001,0,26,, No Tax, exclusive,,,,,,,,,,,,,,no_image.png,Standard
6924967537086,(彩莹 尼罗）风口香水—清香花露（黑色）Black,,C0001,U001,0,26,, No Tax, exclusive,,,,,,,,,,,,,,no_image.png,Standard
6924967537093,(彩莹 尼罗）风口香水—魅惑花月夜（黑色）Black,,C0001,U001,0,26,, No Tax, exclusive,,,,,,,,,,,,,,no_image.png,Standard
6924967537659,(海岸风)液体香水-海滨之风（青绿色）light green,,C0001,U001,0,14,, No Tax, exclusive,,,,,,,,,,,,,,no_image.png,Standard
6924967537673,(海岸风)液体香水-舒爽之风（青绿色）Pink,,C0001,U001,0,14,, No Tax, exclusive,,,,,,,,,,,,,,no_image.png,Standard
4976363118446,卡飾社 优兰香水1852 花香味 LIGHT GREEN,,C0001,U001,0,16,, No Tax, exclusive,,,,,,,,,,,,,,no_image.png,Standard
4976363115780,卡飾社 笔头香水1697 清幽香甜味 RED,,C0001,U001,0,12,, No Tax, exclusive,,,,,,,,,,,,,,no_image.png,Standard
4976363121293,卡飾社 天然香熏3058 熏衣草橘子味,,C0001,U001,0,21.5,, No Tax, exclusive,,,,,,,,,,,,,,no_image.png,Standard
4976363111379,卡飾社 水莹香膏1431 麝香味,,C0001,U001,0,17.5,, No Tax, exclusive,,,,,,,,,,,,,,no_image.png,Standard
4976363111393,卡飾社 水莹香膏1433 沐浴香味,,C0001,U001,0,17.5,, No Tax, exclusive,,,,,,,,,,,,,,no_image.png,Standard
4976363113816,卡飾社 醒目QQ香膏1576 香皂味 GREEN,,C0001,U001,0,10.5,, No Tax, exclusive,,,,,,,,,,,,,,no_image.png,Standard
4976363113823,卡飾社 醒目QQ香膏1577 浓郁果汁味 BLUE,,C0001,U001,0,10.5,, No Tax, exclusive,,,,,,,,,,,,,,no_image.png,Standard
4976363113847,卡飾社 醒目QQ香膏1579 白麝香味 WHITE,,C0001,U001,0,10.5,, No Tax, exclusive,,,,,,,,,,,,,,no_image.png,Standard
4976363113830,卡飾社 醒目QQ香膏1578 草莓味 BLACK,,C0001,U001,0,10.5,, No Tax, exclusive,,,,,,,,,,,,,,no_image.png,Standard
4976363115797,卡飾社 笔头香水1698 沐浴香味 YELLOW,,C0001,U001,0,12,, No Tax, exclusive,,,,,,,,,,,,,,no_image.png,Standard
4976363115803,卡飾社 笔头香水1699 幽香沐浴味 GREEN,,C0001,U001,0,12,, No Tax, exclusive,,,,,,,,,,,,,,no_image.png,Standard
4976363115810,卡飾社 笔头香水1700 果汁味 BLUE,,C0001,U001,0,12,, No Tax, exclusive,,,,,,,,,,,,,,no_image.png,Standard
4976363117098,卡飾社 星际香膏1780 海洋麝香味 BLUE,,C0001,U001,0,16,, No Tax, exclusive,,,,,,,,,,,,,,no_image.png,Standard
4976363117104,卡飾社 星际香膏1781 幽香沐浴味 BLACK,,C0001,U001,0,16,, No Tax, exclusive,,,,,,,,,,,,,,no_image.png,Standard
4976363117111,卡飾社 乐膏消臭香盒1782 香皂味 RED,,C0001,U001,0,13,, No Tax, exclusive,,,,,,,,,,,,,,no_image.png,Standard
4976363117128,卡飾社 乐高消臭香盒1783 西柚味 YELLOW,,C0001,U001,0,13,, No Tax, exclusive,,,,,,,,,,,,,,no_image.png,Standard
4976363117135,卡飾社 乐高消臭香盒1784 果汁味 BLUE,,C0001,U001,0,13,, No Tax, exclusive,,,,,,,,,,,,,,no_image.png,Standard
4976363118422,卡飾社 优兰香水1850 沐浴味 PINK,,C0001,U001,0,16,, No Tax, exclusive,,,,,,,,,,,,,,no_image.png,Standard
4976363118439,卡飾社 优兰香水1851 兰花味 LIGHT ORANGE,,C0001,U001,0,16,, No Tax, exclusive,,,,,,,,,,,,,,no_image.png,Standard
4976363118545,卡飾社 磨砂星际香膏1862麝香味 PINK,,C0001,U001,0,13,, No Tax, exclusive,,,,,,,,,,,,,,no_image.png,Standard
4976363118552,卡飾社 磨砂星际香膏1863 沐浴味 粉黄色,,C0001,U001,0,13,, No Tax, exclusive,,,,,,,,,,,,,,no_image.png,Standard
4976363118569,卡飾社 磨砂星际香膏1864 海洋果汁味 粉绿色,,C0001,U001,0,13,, No Tax, exclusive,,,,,,,,,,,,,,no_image.png,Standard
4976363118576,卡飾社 磨砂星际香膏1865 沐浴味 粉黄色,,C0001,U001,0,13,, No Tax, exclusive,,,,,,,,,,,,,,no_image.png,Standard
4976363119122,卡飾社 爱多兰帝王香盒1890 沐浴味 RED,,C0001,U001,0,12,, No Tax, exclusive,,,,,,,,,,,,,,no_image.png,Standard
4976363120784,卡飾社 花葵香水3020 沐浴味 RED,,C0001,U001,0,11.5,, No Tax, exclusive,,,,,,,,,,,,,,no_image.png,Standard
4976363120807,卡飾社 花葵香水3022 白麝香味 夜里咯我,,C0001,U001,0,11.5,, No Tax, exclusive,,,,,,,,,,,,,,no_image.png,Standard
4976363120814,卡飾社 花葵香水3023 幽香味 BLUE,,C0001,U001,0,11.5,, No Tax, exclusive,,,,,,,,,,,,,,no_image.png,Standard
4976363121279,卡飾社 天然香熏3056 柠檬味 ,,C0001,U001,0,21.5,, No Tax, exclusive,,,,,,,,,,,,,,no_image.png,Standard
4976363121286,卡飾社 天然香熏3057 薄荷味 ,,C0001,U001,0,21.5,, No Tax, exclusive,,,,,,,,,,,,,,no_image.png,Standard
4976363119139,卡飾社 爱多兰帝王香盒1891 白麝香味 BLUE,,C0001,U001,0,12,, No Tax, exclusive,,,,,,,,,,,,,,no_image.png,Standard
4976363119146,卡飾社 爱多兰帝王香盒1892 花香味 PURPLE,,C0001,U001,0,12,, No Tax, exclusive,,,,,,,,,,,,,,no_image.png,Standard
4976363119153,卡飾社 爱多兰帝王香盒1893 白金沐浴味 GREY,,C0001,U001,0,12,, No Tax, exclusive,,,,,,,,,,,,,,no_image.png,Standard
4976363119542,卡飾社 珑山香膏1921沐浴味 PINK,,C0001,U001,0,18.5,, No Tax, exclusive,,,,,,,,,,,,,,no_image.png,Standard
4976363119559,卡飾社 珑山香膏1922白麝香味 BLUE,,C0001,U001,0,18.5,, No Tax, exclusive,,,,,,,,,,,,,,no_image.png,Standard
4976363119566,卡飾社 珑山香膏1923 沐浴味 BLACK,,C0001,U001,0,18.5,, No Tax, exclusive,,,,,,,,,,,,,,no_image.png,Standard
4976363119573,卡飾社 醒目QQ香膏1924 海洋味 BLUE,,C0001,U001,0,10.5,, No Tax, exclusive,,,,,,,,,,,,,,no_image.png,Standard
4976363119634,卡飾社 乐高消臭盒1930 青苹果味 GREEN,,C0001,U001,0,13,, No Tax, exclusive,,,,,,,,,,,,,,no_image.png,Standard
4976363119894,卡飾社 彩蝶消臭膏1956 香甜味 ORANGE,,C0001,U001,0,9.5,, No Tax, exclusive,,,,,,,,,,,,,,no_image.png,Standard
4976363119900,卡飾社 彩蝶消臭膏1957 香草味 BLUE,,C0001,U001,0,9.5,, No Tax, exclusive,,,,,,,,,,,,,,no_image.png,Standard
4976363119917,卡飾社 彩蝶消臭膏1958 森林味 RED,,C0001,U001,0,9.5,, No Tax, exclusive,,,,,,,,,,,,,,no_image.png,Standard
4976363119924,卡飾社 彩蝶消臭膏1959 荔枝味 WHITE,,C0001,U001,0,9.5,, No Tax, exclusive,,,,,,,,,,,,,,no_image.png,Standard
4976363120418,卡飾社 优兰香水1987 草原味 PURPLE,,C0001,U001,0,16,, No Tax, exclusive,,,,,,,,,,,,,,no_image.png,Standard
4976363120425,卡飾社 优兰香水1988 白麝香味 WHITE,,C0001,U001,0,16,, No Tax, exclusive,,,,,,,,,,,,,,no_image.png,Standard
4976363120449,卡飾社 芙蓉香膏1990 花香味 BLUE,,C0001,U001,0,21.5,, No Tax, exclusive,,,,,,,,,,,,,,no_image.png,Standard
4976363121439,卡飾社 花葵香盒3068幽香沐浴味 PINK,,C0001,U001,0,13,, No Tax, exclusive,,,,,,,,,,,,,,no_image.png,Standard
4976363121446,卡飾社 花葵香盒3069 迷人香味 RED ,,C0001,U001,0,13,, No Tax, exclusive,,,,,,,,,,,,,,no_image.png,Standard
4976363121453,卡飾社 花葵香盒3070 幽香味 WHITE,,C0001,U001,0,13,, No Tax, exclusive,,,,,,,,,,,,,,no_image.png,Standard
4976363118453,卡飾社 艾多蘭黑盾香水 1853 草莓味 紅色,,C0001,U011,0,18.5,, No Tax, exclusive,,,,,,,,,,,,,,no_image.png,Standard
4976363121040,卡飾社 艾多蘭高麗香水 3046 沐浴味 紅色,,C0001,U011,0,34.5,, No Tax, exclusive,,,,,,,,,,,,,,no_image.png,Standard
4976363120432,卡飾社 芙蓉香膏 1989 香甜味 紅色,,C0001,U011,0,21.5,, No Tax, exclusive,,,,,,,,,,,,,,no_image.png,Standard
4976363118491,卡飾社 艾多蘭香水 1857 海洋味 深藍色,,C0001,U011,0,21.5,, No Tax, exclusive,,,,,,,,,,,,,,no_image.png,Standard
4976363107174,卡飾社 帝后香膏 1157 雪之麝香 黑色,,C0001,U011,0,29.5,, No Tax, exclusive,,,,,,,,,,,,,,no_image.png,Standard
4976363119849,卡飾社 艾多蘭煌者香膏 1951 沐浴味 灰色,,C0001,U011,0,16,, No Tax, exclusive,,,,,,,,,,,,,,no_image.png,Standard
4976363121064,卡飾社 艾多蘭高麗香水 3048 香皂味 銀色,,C0001,U011,0,34.5,, No Tax, exclusive,,,,,,,,,,,,,,no_image.png,Standard
4976363113892,卡飾社 帝后香膏 1584 閃爍麝香味 黑色,,C0001,U011,0,29.5,, No Tax, exclusive,,,,,,,,,,,,,,no_image.png,Standard
4976363121477,卡飾社 水瑩夢幻香水 3072 花香味 珍珠白色,,C0001,U011,0,24,, No Tax, exclusive,,,,,,,,,,,,,,no_image.png,Standard
4976363113885,卡飾社 帝后香膏 1583 麝香味 藍色,,C0001,U011,0,29.5,, No Tax, exclusive,,,,,,,,,,,,,,no_image.png,Standard
4976363116992,卡飾社 艾多蘭香水 1770 清爽味 紫色,,C0001,U011,0,21.5,, No Tax, exclusive,,,,,,,,,,,,,,no_image.png,Standard
4976363117029,卡飾社 貴族瑪莎香水 1773 蘭花味 藍色,,C0001,U011,0,45.5,, No Tax, exclusive,,,,,,,,,,,,,,no_image.png,Standard
4976363121057,卡飾社 艾多蘭高麗香水 3047 清爽味 藍色,,C0001,U011,0,34.5,, No Tax, exclusive,,,,,,,,,,,,,,no_image.png,Standard
4976363118460,卡飾社 艾多蘭黑盾香水 1854 麝香味 藍色,,C0001,U011,0,18.5,, No Tax, exclusive,,,,,,,,,,,,,,no_image.png,Standard
4976363117036,卡飾社 貴族瑪莎香水 1774 百合花味 銀色,,C0001,U011,0,45.5,, No Tax, exclusive,,,,,,,,,,,,,,no_image.png,Standard
4976363118477,卡飾社 艾多蘭黑盾香水 1855 沐浴味 深藍色,,C0001,U011,0,18.5,, No Tax, exclusive,,,,,,,,,,,,,,no_image.png,Standard
4976363117005,卡飾社 伯爵香水 1771 野莓味 紅色,,C0001,U011,0,22.5,, No Tax, exclusive,,,,,,,,,,,,,,no_image.png,Standard
4976363116978,卡飾社 艾多蘭香水 1768 幽香沐浴味 紅色,,C0001,U011,0,21.5,, No Tax, exclusive,,,,,,,,,,,,,,no_image.png,Standard
4976363116985,卡飾社 艾多蘭香水 1769 白麝香味 藍色,,C0001,U011,0,21.5,, No Tax, exclusive,,,,,,,,,,,,,,no_image.png,Standard
4976363118484,卡飾社 艾多蘭香水 1856 沐浴味 紫紅色,,C0001,U011,0,21.5,, No Tax, exclusive,,,,,,,,,,,,,,no_image.png,Standard
4976363117012,卡飾社 伯爵香水 1772 白麝香味 藍色,,C0001,U011,0,22.5,, No Tax, exclusive,,,,,,,,,,,,,,no_image.png,Standard
4976363121460,卡飾社 水瑩夢幻香水 3071 草莓味 珍珠白色,,C0001,U011,0,24,, No Tax, exclusive,,,,,,,,,,,,,,no_image.png,Standard
4976363119856,卡飾社 艾多蘭煌者香膏 1952 古龍水味 白色,,C0001,U011,0,16,, No Tax, exclusive,,,,,,,,,,,,,,no_image.png,Standard
4976363112284,卡飾社 帝后香膏 1495 淋浴味 黑色,,C0001,U011,0,29.5,, No Tax, exclusive,,,,,,,,,,,,,,no_image.png,Standard
4976363121491,卡飾社 水瑩亮麗香膏 3074 迷人香味 珍珠白色,,C0001,U011,0,20,, No Tax, exclusive,,,,,,,,,,,,,,no_image.png,Standard
4976363121514,卡飾社 水瑩亮麗香膏 3076 幽香沐浴味 珍珠白色,,C0001,U011,0,20,, No Tax, exclusive,,,,,,,,,,,,,,no_image.png,Standard
4976363121507,卡飾社 水瑩亮麗香膏 3075 白麝香味 珍珠白色,,C0001,U011,0,20,, No Tax, exclusive,,,,,,,,,,,,,,no_image.png,Standard
4976363120043,卡飾社 瓏山香膏 1969 雜果味 白色,,C0001,U011,0,18.5,, No Tax, exclusive,,,,,,,,,,,,,,no_image.png,Standard
4976363119832,卡飾社 艾多蘭煌者香膏 1950 花香味 紫色,,C0001,U011,0,16,, No Tax, exclusive,,,,,,,,,,,,,,no_image.png,Standard
4976363103190,卡飾社 浪漫繁星香膏 A-360 銀色,,C0001,U011,0,15.5,, No Tax, exclusive,,,,,,,,,,,,,,no_image.png,Standard
4976363101844,卡飾社 繁星香膏 A-284 水果 藍色,,C0001,U011,0,15.5,, No Tax, exclusive,,,,,,,,,,,,,,no_image.png,Standard
4976363103183,卡飾社 浪漫繁星香膏 A-359 白色,,C0001,U011,0,15.5,, No Tax, exclusive,,,,,,,,,,,,,,no_image.png,Standard
4976363106047,卡飾社 深夜繁星香膏 1075 優雅水果 黑色,,C0001,U011,0,15.5,, No Tax, exclusive,,,,,,,,,,,,,,no_image.png,Standard
4976363101837,卡飾社 繁星香膏 A-283 森林 紫色,,C0001,U011,0,15.5,, No Tax, exclusive,,,,,,,,,,,,,,no_image.png,Standard
4976363101851,卡飾社 繁星香膏 A-285 清新 銀色,,C0001,U011,0,15.5,, No Tax, exclusive,,,,,,,,,,,,,,no_image.png,Standard
4976363119863,卡飾社 艾多蘭煌者之心香膏 1953 花香味 紫色,,C0001,U011,0,9,, No Tax, exclusive,,,,,,,,,,,,,,no_image.png,Standard
4976363119870,卡飾社 艾多蘭煌者之心香膏 1954 沐浴味 灰色,,C0001,U011,0,9,, No Tax, exclusive,,,,,,,,,,,,,,no_image.png,Standard
4976363119887,卡飾社 艾多蘭煌者之心香膏 1955 古龍水味 白色,,C0001,U011,0,9,, No Tax, exclusive,,,,,,,,,,,,,,no_image.png,Standard
4976363111591,卡飾社 Cue 水晶香球 1439 草莓味 黃色,,C0001,U011,0,15.5,, No Tax, exclusive,,,,,,,,,,,,,,no_image.png,Standard
4976363111584,卡飾社 Cue 水晶香球 1438 陽光味 橙色,,C0001,U011,0,15.5,, No Tax, exclusive,,,,,,,,,,,,,,no_image.png,Standard
4976363111614,卡飾社 Cue 水晶香球 1441 幽香味 藍色,,C0001,U011,0,15.5,, No Tax, exclusive,,,,,,,,,,,,,,no_image.png,Standard
4976363111577,卡飾社 Cue 水晶香球 1437 麝香味 紅色,,C0001,U011,0,15.5,, No Tax, exclusive,,,,,,,,,,,,,,no_image.png,Standard
4976363111607,卡飾社 Cue 水晶香球 1440 芳草味 綠色,,C0001,U011,0,15.5,, No Tax, exclusive,,,,,,,,,,,,,,no_image.png,Standard
4976363120890,卡飾社 Cue 精裝單粒香球 3031 香皂味 藍色,,C0001,U011,0,9,, No Tax, exclusive,,,,,,,,,,,,,,no_image.png,Standard
4976363120906,卡飾社 Cue 精裝單粒香球 3032 白麝香味 灰色,,C0001,U011,0,9,, No Tax, exclusive,,,,,,,,,,,,,,no_image.png,Standard
4976363120869,卡飾社 Cue 精裝單粒香球 3028 沐浴味 紅色,,C0001,U011,0,9,, No Tax, exclusive,,,,,,,,,,,,,,no_image.png,Standard
4976363120876,卡飾社 Cue 精裝單粒香球 3029 清爽味 橙色,,C0001,U011,0,9,, No Tax, exclusive,,,,,,,,,,,,,,no_image.png,Standard
4976363120883,卡飾社 Cue 精裝單粒香球 3030 果汁味 綠色,,C0001,U011,0,9,, No Tax, exclusive,,,,,,,,,,,,,,no_image.png,Standard
4976363119658,卡飾社 Cue 粉晶香球 1932 糖果味 粉紅色,,C0001,U011,0,9,, No Tax, exclusive,,,,,,,,,,,,,,no_image.png,Standard
4976363119672,卡飾社 Cue 粉晶香球 1934 白麝香 白色,,C0001,U011,0,9,, No Tax, exclusive,,,,,,,,,,,,,,no_image.png,Standard
4976363119665,卡飾社 Cue 粉晶香球 1933 沐浴味 粉藍色,,C0001,U011,0,9,, No Tax, exclusive,,,,,,,,,,,,,,no_image.png,Standard
4976363118606,卡飾社 菱鑽風口香薰 1868 沐浴味 灰色,,C0001,U011,0,13,, No Tax, exclusive,,,,,,,,,,,,,,no_image.png,Standard
4976363119702,卡飾社 菱鑽風口香薰 1937 白麝香味 紫色,,C0001,U011,0,13,, No Tax, exclusive,,,,,,,,,,,,,,no_image.png,Standard
4976363118583,卡飾社 菱鑽風口香薰 1866 蘭花味 紅色,,C0001,U011,0,13,, No Tax, exclusive,,,,,,,,,,,,,,no_image.png,Standard
4976363118590,卡飾社 菱鑽風口香薰 1867 幽香味 藍色,,C0001,U011,0,13,, No Tax, exclusive,,,,,,,,,,,,,,no_image.png,Standard
4976363119696,卡飾社 菱鑽風口香薰 1936 果汁味 淺藍色,,C0001,U011,0,13,, No Tax, exclusive,,,,,,,,,,,,,,no_image.png,Standard
6924967536348,Grape Fruit  Cocktail,,C0001,U012,0,14,, No Tax, exclusive,,,,,,,,,,,,,,no_image.png,Standard
6924967524093,BLANG  空调风口香水 国际味,,C0001,U001,0,9,, No Tax, exclusive,,,,,,,,,,,,,,no_image.png,Standard
6924967524109,BLANG 空调风口香水 玫瑰花,,C0001,U001,0,9,, No Tax, exclusive,,,,,,,,,,,,,,no_image.png,Standard
6924967524116,BLANG 空调风口香水 柠檬味,,C0001,U001,0,9,, No Tax, exclusive,,,,,,,,,,,,,,no_image.png,Standard
6924967524123,BLANG 空调风口香水 薰衣草,,C0001,U001,0,9,, No Tax, exclusive,,,,,,,,,,,,,,no_image.png,Standard
6924967530643,Carbonia 卡本尼亚 液体香水 柠檬味 ,,C0001,U012,0,17,, No Tax, exclusive,,,,,,,,,,,,,,no_image.png,Standard
6924967530650,Carbonia 卡本尼亚 液体香水 爽快味  ,,C0001,U012,0,17,, No Tax, exclusive,,,,,,,,,,,,,,no_image.png,Standard
6924967530667,Carbonia 卡本尼亚 液体香水 国际味 ,,C0001,U012,0,17,, No Tax, exclusive,,,,,,,,,,,,,,no_image.png,Standard
6924967530674,Carbonia 卡本尼亚 液体香水 白麝香 ,,C0001,U012,0,17,, No Tax, exclusive,,,,,,,,,,,,,,no_image.png,Standard
6924967530704,Carbonia 卡本尼亚 固体香水 国际味 ,,C0001,U012,0,16,, No Tax, exclusive,,,,,,,,,,,,,,no_image.png,Standard
6924967530711,Carbonia 卡本尼亚 固体香水 白麝香 ,,C0001,U012,0,16,, No Tax, exclusive,,,,,,,,,,,,,,no_image.png,Standard
6924967530766,Apollo 阿波罗 发光液体香水-清爽味,,C0001,U012,0,54,, No Tax, exclusive,,,,,,,,,,,,,,no_image.png,Standard
6924967530797,Apollo 阿波罗 发光液体香水-白麝香,,C0001,U012,0,54,, No Tax, exclusive,,,,,,,,,,,,,,no_image.png,Standard
6924967532944,Carbonia 卡本尼亚 液体香水-黑森林（黑色）,,C0001,U012,0,17,, No Tax, exclusive,,,,,,,,,,,,,,no_image.png,Standard
6924967532951,Carbonia 卡本尼亚 液体香水-夜茉莉（白色）,,C0001,U012,0,17,, No Tax, exclusive,,,,,,,,,,,,,,no_image.png,Standard
6924967533392,Carbonia 卡本尼亚 新液体香水-黑森林（黑色） ,,C0001,U012,0,29,, No Tax, exclusive,,,,,,,,,,,,,,no_image.png,Standard
6924967533415,Carbonia 卡本尼亚 新液体香水-夜茉莉（黑色）,,C0001,U012,0,23.5,, No Tax, exclusive,,,,,,,,,,,,,,no_image.png,Standard
6924967533514,Carbonia 卡本尼亚 含浸风口香水-黑森林（黑色）,,C0001,U012,0,16,, No Tax, exclusive,,,,,,,,,,,,,,no_image.png,Standard
6924967533521,Carbonia 卡本尼亚 含浸风口香水-爽快味（白色）,,C0001,U012,0,16,, No Tax, exclusive,,,,,,,,,,,,,,no_image.png,Standard
6924967533538,Carbonia 卡本尼亚 含浸风口香水-夜茉莉（黑色）,,C0001,U012,0,16,, No Tax, exclusive,,,,,,,,,,,,,,no_image.png,Standard
6924967534566,Carbonia <卡本尼亚> 液体香水-白檀香,,C0001,U012,0,20,, No Tax, exclusive,,,,,,,,,,,,,,no_image.png,Standard
6924967534573,Carbonia <卡本尼亚> 液体香水-古龙味,,C0001,U012,0,20,, No Tax, exclusive,,,,,,,,,,,,,,no_image.png,Standard
6924967534580,Carbonia <卡本尼亚> 固体香水-黑森林,,C0001,U012,0,11.5,, No Tax, exclusive,,,,,,,,,,,,,,no_image.png,Standard
6924967533408,Carbonia 卡本尼亚 新液体香水-爽快味（白色）,,C0001,U012,0,23.5,, No Tax, exclusive,,,,,,,,,,,,,,no_image.png,Standard
6924967533545,Carbonia 卡本尼亚 含浸风口香水-白麝香（白色）,,C0001,U012,0,16,, No Tax, exclusive,,,,,,,,,,,,,,no_image.png,Standard
6924967534528,Carbonia 卡本尼亚II 液体香水II-黑森林,,C0001,U012,0,13.5,, No Tax, exclusive,,,,,,,,,,,,,,no_image.png,Standard
6924967534535,Carbonia 卡本尼亚II 液体香水II-夜茉莉,,C0001,U012,0,13.5,, No Tax, exclusive,,,,,,,,,,,,,,no_image.png,Standard
6924967534597,Carbonia <卡本尼亚> 固体香水-夜茉莉,,C0001,U012,0,11.5,, No Tax, exclusive,,,,,,,,,,,,,,no_image.png,Standard
6924967534627,Carbonia 卡本尼亚 含浸风口香水-白檀香（黑色）,,C0001,U012,0,20,, No Tax, exclusive,,,,,,,,,,,,,,no_image.png,Standard
6924967535280,Carbonia <卡本尼亚> 风口香水II -黑森林（银色+黑色）,,C0001,U012,0,16,, No Tax, exclusive,,,,,,,,,,,,,,no_image.png,Standard
6924967535297,Carbonia <卡本尼亚> 风口香水II -夜茉莉（银色+白色）,,C0001,U012,0,16,, No Tax, exclusive,,,,,,,,,,,,,,no_image.png,Standard
6924967535303,Carbonia <卡本尼亚> 风口香水II -爽快味（灰色+黑色）,,C0001,U012,0,16,, No Tax, exclusive,,,,,,,,,,,,,,no_image.png,Standard
6924967535310,Carbonia <卡本尼亚> 风口香水II -白麝香（金色+白色）,,C0001,U012,0,16,, No Tax, exclusive,,,,,,,,,,,,,,no_image.png,Standard
6924967536638,<巴姆士>液体香水 CK淡香橙色 花香,,C0001,U012,0,30.5,, No Tax, exclusive,,,,,,,,,,,,,,no_image.png,Standard
6924967536645,<巴姆士>液体香水 A&F经典浅蓝色 森林,,C0001,U012,0,30.5,, No Tax, exclusive,,,,,,,,,,,,,,no_image.png,Standard
6924967536652,<巴姆士>液体香水 BVL经典橙色 木花香,,C0001,U012,0,30.5,, No Tax, exclusive,,,,,,,,,,,,,,no_image.png,Standard
6924967536706,露力　盒状固体香水－清新西柚,,C0001,U012,0,15,, No Tax, exclusive,,,,,,,,,,,,,,no_image.png,Standard
6924967535242,SeaWorld <海洋魅力>固体香水-海洋味(蓝色),,C0001,U012,0,14,, No Tax, exclusive,,,,,,,,,,,,,,no_image.png,Standard
6924967535259,SeaWorld <海洋魅力>固体香水-魅力清爽（浅蓝色),,C0001,U012,0,14,, No Tax, exclusive,,,,,,,,,,,,,,no_image.png,Standard
6924967535266,SeaWorld <海洋魅力>固体香水-国际味（紫色),,C0001,U012,0,14,, No Tax, exclusive,,,,,,,,,,,,,,no_image.png,Standard
6924967535273,SeaWorld <海洋魅力>固体香水-海洋爽快味（青绿色),,C0001,U012,0,14,, No Tax, exclusive,,,,,,,,,,,,,,no_image.png,Standard
6924967536669,<巴姆士>液体香水 CK国际浅蓝色 果香,,C0001,U012,0,30.5,, No Tax, exclusive,,,,,,,,,,,,,,no_image.png,Standard
6924967533422,Carbonia 卡本尼亚 新液体香水-白麝香（白色）,,C0001,U012,0,23.5,, No Tax, exclusive,,,,,,,,,,,,,,no_image.png,Standard
6924967535501,爱心 果冻香水-白麝香-紫色,,C0001,U012,0,12,, No Tax, exclusive,,,,,,,,,,,,,,no_image.png,Standard
6924967535518,爱心 果冻香水-幸福伴侣-浅蓝色,,C0001,U012,0,12,, No Tax, exclusive,,,,,,,,,,,,,,no_image.png,Standard
6924967535525,爱心 果冻香水-优雅玫瑰-粉红色,,C0001,U012,0,12,, No Tax, exclusive,,,,,,,,,,,,,,no_image.png,Standard
6924967535532,爱心 果冻香水-舒爽之风-绿色,,C0001,U012,0,12,, No Tax, exclusive,,,,,,,,,,,,,,no_image.png,Standard
6924967535549,钻石皇冠 果冻香水-水果麝香-浅橙色,,C0001,U012,0,14.5,, No Tax, exclusive,,,,,,,,,,,,,,no_image.png,Standard
6924967535556,钻石皇冠 果冻香水-舒爽之风-粉紫色,,C0001,U012,0,14.5,, No Tax, exclusive,,,,,,,,,,,,,,no_image.png,Standard
6924967535563,钻石皇冠 果冻香水-幸福伴侣-粉红色,,C0001,U012,0,14.5,, No Tax, exclusive,,,,,,,,,,,,,,no_image.png,Standard
6924967535570,钻石皇冠 果冻香水-鲜花草莓-紫色,,C0001,U012,0,14.5,, No Tax, exclusive,,,,,,,,,,,,,,no_image.png,Standard
6924967536171,彩莹·伊文 果冻香水-万人迷香,,C0001,U012,0,19,, No Tax, exclusive,,,,,,,,,,,,,,no_image.png,Standard
6924967536188,彩莹·伊文 果冻香水-花花公子,,C0001,U012,0,19,, No Tax, exclusive,,,,,,,,,,,,,,no_image.png,Standard
6924967536195,彩莹·伊文 果冻香水-英伦绅士,,C0001,U012,0,19,, No Tax, exclusive,,,,,,,,,,,,,,no_image.png,Standard
6924967536201,彩莹·伊文 果冻香水-魅力清爽,,C0001,U012,0,19,, No Tax, exclusive,,,,,,,,,,,,,,no_image.png,Standard
6924967535952,彩莹·尼罗 果冻香水-黄金色(万人迷香),,C0001,U012,0,16,, No Tax, exclusive,,,,,,,,,,,,,,no_image.png,Standard
6924967534634,Carbonia 卡本尼亚 含浸风口香水-古龙味（白色）,,C0001,U012,0,20,, No Tax, exclusive,,,,,,,,,,,,,,no_image.png,Standard
6924967535969,彩莹·尼罗 果冻香水-黄金色(花花公子),,C0001,U012,0,16,, No Tax, exclusive,,,,,,,,,,,,,,no_image.png,Standard
6924967535976,彩莹·尼罗 果冻香水-黄金色(英伦绅士),,C0001,U012,0,16,, No Tax, exclusive,,,,,,,,,,,,,,no_image.png,Standard
6924967536218,彩莹·伊文 固体香水-万人迷香,,C0001,U012,0,19,, No Tax, exclusive,,,,,,,,,,,,,,no_image.png,Standard
6924967536225,彩莹·伊文 固体香水-花花公子,,C0001,U012,0,19,, No Tax, exclusive,,,,,,,,,,,,,,no_image.png,Standard
6924967536232,彩莹·伊文 固体香水-英伦绅士,,C0001,U012,0,19,, No Tax, exclusive,,,,,,,,,,,,,,no_image.png,Standard
6924967536249,彩莹·伊文 固体香水-魅力清爽,,C0001,U012,0,19,, No Tax, exclusive,,,,,,,,,,,,,,no_image.png,Standard
6924967535990,彩莹·尼罗 固体香水-黄金色(万人迷香),,C0001,U012,0,16,, No Tax, exclusive,,,,,,,,,,,,,,no_image.png,Standard
6924967536003,彩莹·尼罗 固体香水-黄金色(花花公子),,C0001,U012,0,16,, No Tax, exclusive,,,,,,,,,,,,,,no_image.png,Standard
6924967536010,彩莹·尼罗 固体香水-黄金色(英伦绅士),,C0001,U012,0,16,, No Tax, exclusive,,,,,,,,,,,,,,no_image.png,Standard
6924967536027,彩莹·尼罗 固体香水-黄金色(魅力清爽),,C0001,U012,0,16,, No Tax, exclusive,,,,,,,,,,,,,,no_image.png,Standard
6924967523072,力搏 固体香水白麝香(黑色),,C0001,U012,0,7.5,, No Tax, exclusive,,,,,,,,,,,,,,no_image.png,Standard
6924967523089,力搏 固体香水柑橘味(蓝色),,C0001,U012,0,7.5,, No Tax, exclusive,,,,,,,,,,,,,,no_image.png,Standard
6924967523096,力搏 固体香水草莓味(粉黑色),,C0001,U012,0,7.5,, No Tax, exclusive,,,,,,,,,,,,,,no_image.png,Standard
6924967523102,力搏 固体香水清爽味(白色),,C0001,U012,0,7.5,, No Tax, exclusive,,,,,,,,,,,,,,no_image.png,Standard
6924967523119,力搏 固体香水清爽味(浅蓝色),,C0001,U012,0,7.5,, No Tax, exclusive,,,,,,,,,,,,,,no_image.png,Standard
6924967525304,力搏 固体香水水果味(蓝色),,C0001,U012,0,7.5,, No Tax, exclusive,,,,,,,,,,,,,,no_image.png,Standard
6924967525311,力搏 固体香水草莓味(粉黑色),,C0001,U012,0,7.5,, No Tax, exclusive,,,,,,,,,,,,,,no_image.png,Standard
6924967526141,彩莹·魄力 果冻香水白麝香(灰色),,C0001,U012,0,19,, No Tax, exclusive,,,,,,,,,,,,,,no_image.png,Standard
6924967526158,彩莹·魄力 果冻香水清爽味(蓝色),,C0001,U012,0,19,, No Tax, exclusive,,,,,,,,,,,,,,no_image.png,Standard
6924967526165,彩莹·魄力 果冻香水-草莓味(粉红色),,C0001,U012,0,19,, No Tax, exclusive,,,,,,,,,,,,,,no_image.png,Standard
6924967526172,彩莹·魄力 果冻香水麝香味(紫色),,C0001,U012,0,19,, No Tax, exclusive,,,,,,,,,,,,,,no_image.png,Standard
6924967529005,奶宝宝 固体香水柠檬味(米色),,C0001,U012,0,11.5,, No Tax, exclusive,,,,,,,,,,,,,,no_image.png,Standard
6924967529029,奶宝宝 固体香水绿茶味(青绿色),,C0001,U012,0,11.5,, No Tax, exclusive,,,,,,,,,,,,,,no_image.png,Standard
6924967534351,露力 固体香水-铃兰＆青苹果（棕色）,,C0001,U012,0,14,, No Tax, exclusive,,,,,,,,,,,,,,no_image.png,Standard
6924967534375,露力 固体香水-金桔花＆柑橘（棕色）,,C0001,U012,0,14,, No Tax, exclusive,,,,,,,,,,,,,,no_image.png,Standard
6924967534382,露力 固体香水-香雪兰＆山莓（棕色）,,C0001,U012,0,14,, No Tax, exclusive,,,,,,,,,,,,,,no_image.png,Standard
6924967536072,露力 固体香水-清新西柚,,C0001,U012,0,14,, No Tax, exclusive,,,,,,,,,,,,,,no_image.png,Standard
6924967536089,露力 固体香水-神秘黑加仑,,C0001,U012,0,14,, No Tax, exclusive,,,,,,,,,,,,,,no_image.png,Standard
6924967536096,露力 固体香水-茉莉之星,,C0001,U012,0,14,, No Tax, exclusive,,,,,,,,,,,,,,no_image.png,Standard
6924967535839,彩莹·卡纯 果冻香水-深蓝+银色(花花公子),,C0001,U012,0,45.5,, No Tax, exclusive,,,,,,,,,,,,,,no_image.png,Standard
6924967535846,彩莹·卡纯 果冻香水-深蓝+银色(英伦绅士),,C0001,U012,0,45.5,, No Tax, exclusive,,,,,,,,,,,,,,no_image.png,Standard
6924967525397,<爱帅>液体香水爽快味(浅蓝色),,C0001,U012,0,14,, No Tax, exclusive,,,,,,,,,,,,,,no_image.png,Standard
6924967525403,<爱帅>液体香水白檀香(粉红色),,C0001,U012,0,14,, No Tax, exclusive,,,,,,,,,,,,,,no_image.png,Standard
6924967525410,<颖格>液体香水白麝香(浅灰色),,C0001,U012,0,19,, No Tax, exclusive,,,,,,,,,,,,,,no_image.png,Standard
6924967525427,<颖格>液体香水海洋味(浅蓝色),,C0001,U012,0,19,, No Tax, exclusive,,,,,,,,,,,,,,no_image.png,Standard
6924967525434,<颖格>液体香水白檀香(蓝色),,C0001,U012,0,19,, No Tax, exclusive,,,,,,,,,,,,,,no_image.png,Standard
6924967525441,<颖格>液体香水水果味(粉红色),,C0001,U012,0,19,, No Tax, exclusive,,,,,,,,,,,,,,no_image.png,Standard
6924967527506,<颖格>液体香水海洋味(浅蓝),,C0001,U012,0,17,, No Tax, exclusive,,,,,,,,,,,,,,no_image.png,Standard
6924967527513,<颖格>液体香水薰衣草(紫色),,C0001,U012,0,17,, No Tax, exclusive,,,,,,,,,,,,,,no_image.png,Standard
6924967527469,<威特兹>液体香水柠檬味(黄色),,C0001,U012,0,13,, No Tax, exclusive,,,,,,,,,,,,,,no_image.png,Standard
6924967527476,<威特兹>液体香水水蜜桃(粉红色),,C0001,U012,0,13,, No Tax, exclusive,,,,,,,,,,,,,,no_image.png,Standard
6924967527483,<威特兹>液体香水青苹果(绿色),,C0001,U012,0,13,, No Tax, exclusive,,,,,,,,,,,,,,no_image.png,Standard
6924967534368,露力 固体香水-茉莉＆香梨（棕色）,,C0001,U012,0,14,, No Tax, exclusive,,,,,,,,,,,,,,no_image.png,Standard
6924967527490,<威特兹>液体香水橙子味(橙色),,C0001,U012,0,13,, No Tax, exclusive,,,,,,,,,,,,,,no_image.png,Standard
6924967524918,<自然>液体香水绿茶,,C0001,U012,0,12,, No Tax, exclusive,,,,,,,,,,,,,,no_image.png,Standard
6924967524932,<自然>液体香水海洋味,,C0001,U012,0,12,, No Tax, exclusive,,,,,,,,,,,,,,no_image.png,Standard
6924967524949,<自然>液体香水白麝香,,C0001,U012,0,12,, No Tax, exclusive,,,,,,,,,,,,,,no_image.png,Standard
6924967529760,<魔立方>液体香水水蜜桃(粉红色),,C0001,U012,0,16,, No Tax, exclusive,,,,,,,,,,,,,,no_image.png,Standard
6924967534245,<乖乖兔>液体香水-草莓之恋（红黑）,,C0001,U012,0,11.5,, No Tax, exclusive,,,,,,,,,,,,,,no_image.png,Standard
6924967534252,<乖乖兔>液体香水-芬芳果香（粉白）,,C0001,U012,0,11.5,, No Tax, exclusive,,,,,,,,,,,,,,no_image.png,Standard
6924967532401,<朗迪>液体香水-白麝香(蓝色）,,C0001,U012,0,21.5,, No Tax, exclusive,,,,,,,,,,,,,,no_image.png,Standard
6924967532418,<朗迪>液体香水-海洋味(浅蓝),,C0001,U012,0,21.5,, No Tax, exclusive,,,,,,,,,,,,,,no_image.png,Standard
6924967532425,<朗迪>液体香水-草莓味(粉红),,C0001,U012,0,21.5,, No Tax, exclusive,,,,,,,,,,,,,,no_image.png,Standard
6924967532432,<朗迪>液体香水-白檀香(紫色),,C0001,U012,0,21.5,, No Tax, exclusive,,,,,,,,,,,,,,no_image.png,Standard
6924967534276,<钻石皇冠>液体香水-香醇麝香（橙色）,,C0001,U012,0,14,, No Tax, exclusive,,,,,,,,,,,,,,no_image.png,Standard
6924967534283,<钻石皇冠>液体香水-芬芳果香（粉红色）,,C0001,U012,0,14,, No Tax, exclusive,,,,,,,,,,,,,,no_image.png,Standard
6924967534290,<钻石皇冠>液体香水-淡雅花香（紫色）,,C0001,U012,0,14,, No Tax, exclusive,,,,,,,,,,,,,,no_image.png,Standard
6924967534306,<钻石皇冠>液体香水-芬芳白麝（蓝色）,,C0001,U012,0,14,, No Tax, exclusive,,,,,,,,,,,,,,no_image.png,Standard
6924967534313,<露力>液体香水-铃兰＆青苹果（棕色）,,C0001,U012,0,14,, No Tax, exclusive,,,,,,,,,,,,,,no_image.png,Standard
6924967534320,<露力>液体香水-茉莉＆香梨（棕色）,,C0001,U012,0,14,, No Tax, exclusive,,,,,,,,,,,,,,no_image.png,Standard
6924967534337,<露力>液体香水-金桔花＆柑橘（棕色）,,C0001,U012,0,14,, No Tax, exclusive,,,,,,,,,,,,,,no_image.png,Standard
6924967534344,<露力>液体香水-香雪兰＆山莓（棕色）,,C0001,U012,0,14,, No Tax, exclusive,,,,,,,,,,,,,,no_image.png,Standard
6924967535914,<彩莹·卡纯>液体香水-深蓝+银色(花花公子),,C0001,U012,0,40,, No Tax, exclusive,,,,,,,,,,,,,,no_image.png,Standard
6924967535921,<彩莹·卡纯>液体香水-深蓝+银色(英伦绅士),,C0001,U012,0,40,, No Tax, exclusive,,,,,,,,,,,,,,no_image.png,Standard
6924967524925,<自然>液体香水薰衣草,,C0001,U012,0,12,, No Tax, exclusive,,,,,,,,,,,,,,no_image.png,Standard
6924967536133,<彩莹·伊文>液体香水-万人迷香,,C0001,U012,0,26,, No Tax, exclusive,,,,,,,,,,,,,,no_image.png,Standard
6924967536140,<彩莹·伊文>液体香水-花花公子,,C0001,U012,0,26,, No Tax, exclusive,,,,,,,,,,,,,,no_image.png,Standard
6924967536157,<彩莹·伊文>液体香水-英伦绅士,,C0001,U012,0,26,, No Tax, exclusive,,,,,,,,,,,,,,no_image.png,Standard
6924967536164,<彩莹·伊文>液体香水-魅力清爽,,C0001,U012,0,26,, No Tax, exclusive,,,,,,,,,,,,,,no_image.png,Standard
6924967536034,<彩莹·尼罗>液体香水-黄金色(万人迷香),,C0001,U012,0,21.5,, No Tax, exclusive,,,,,,,,,,,,,,no_image.png,Standard
6924967536041,<彩莹·尼罗>液体香水-黄金色(花花公子),,C0001,U012,0,21.5,, No Tax, exclusive,,,,,,,,,,,,,,no_image.png,Standard
6924967536058,<彩莹·尼罗>液体香水-黄金色(英伦绅士),,C0001,U012,0,21.5,, No Tax, exclusive,,,,,,,,,,,,,,no_image.png,Standard
6924967536065,<彩莹·尼罗>液体香水-黄金色(魅力清爽),,C0001,U012,0,21.5,, No Tax, exclusive,,,,,,,,,,,,,,no_image.png,Standard
6924967536256,<露力>液体香水-清新西柚,,C0001,U012,0,14,, No Tax, exclusive,,,,,,,,,,,,,,no_image.png,Standard
6924967536263,<露力>液体香水-神秘黑加仑,,C0001,U012,0,14,, No Tax, exclusive,,,,,,,,,,,,,,no_image.png,Standard
6924967536270,<露力>液体香水-茉莉之星,,C0001,U012,0,14,, No Tax, exclusive,,,,,,,,,,,,,,no_image.png,Standard
6924967546545,宽幅伸缩式手机架-银色,,C0001,U001,0,19,, No Tax, exclusive,,,,,,,,,,,,,,no_image.png,Standard
6924967535204,<海洋魅力>液体香水-海洋味(蓝色),,C0001,U012,0,14,, No Tax, exclusive,,,,,,,,,,,,,,no_image.png,Standard
6924967535211,<海洋魅力>液体香水-魅力清爽(浅蓝色),,C0001,U012,0,14,, No Tax, exclusive,,,,,,,,,,,,,,no_image.png,Standard
6924967535228,<海洋魅力>液体香水-国际味(紫色),,C0001,U012,0,14,, No Tax, exclusive,,,,,,,,,,,,,,no_image.png,Standard
6924967535235,<海洋魅力>迷你液体香水-海洋爽快味(青绿色),,C0001,U012,0,14,, No Tax, exclusive,,,,,,,,,,,,,,no_image.png,Standard
6924967537185,<爱帅之王者> 液体香水-TSD恒香(橙黄色),,C0001,U012,0,18.5,, No Tax, exclusive,,,,,,,,,,,,,,no_image.png,Standard
6924967537192,<爱帅之王者> 液体香水-DO优雅(无色),,C0001,U012,0,18.5,, No Tax, exclusive,,,,,,,,,,,,,,no_image.png,Standard
6924967537215,<爱帅之王者> 液体香水-Sexy 花香(橙黄色),,C0001,U012,0,18.5,, No Tax, exclusive,,,,,,,,,,,,,,no_image.png,Standard
6924967537208,<爱帅之王者> 液体香水-Noble 木花香(无色),,C0001,U012,0,18.5,, No Tax, exclusive,,,,,,,,,,,,,,no_image.png,Standard
6924967530681,<卡本尼亚>固体香水-柠檬味(黑色),,C0001,U012,0,16,, No Tax, exclusive,,,,,,,,,,,,,,no_image.png,Standard
6924967530698,<卡本尼亚>固体香水-爽快味(银色),,C0001,U012,0,16,, No Tax, exclusive,,,,,,,,,,,,,,no_image.png,Standard
6924967547184,<彩莹·艾卡尔>固体香水-草莓味(黑银色),,C0001,U012,0,11.5,, No Tax, exclusive,,,,,,,,,,,,,,no_image.png,Standard
6924967536713,露力　盒状固体香水－神秘黑加仑 ,,C0001,U012,0,15,, No Tax, exclusive,,,,,,,,,,,,,,no_image.png,Standard
6924967526264,彩莹·真棒 风口香水白麝香(银色/蓝色),,C0001,U001,0,11.5,, No Tax, exclusive,,,,,,,,,,,,,,no_image.png,Standard
6924967526271,彩莹·真棒 风口香水麝香味(银色/浅蓝色),,C0001,U001,0,11.5,, No Tax, exclusive,,,,,,,,,,,,,,no_image.png,Standard
6924967526288,彩莹·真棒 风口香水爽快味(黑色/透明),,C0001,U001,0,11.5,, No Tax, exclusive,,,,,,,,,,,,,,no_image.png,Standard
6924967526295,彩莹·真棒 风口香水草莓味(黑色/粉红色),,C0001,U001,0,11.5,, No Tax, exclusive,,,,,,,,,,,,,,no_image.png,Standard
6924967526486,彩莹·真棒 风口香水柠檬味(银电镀/紫色),,C0001,U001,0,11.5,, No Tax, exclusive,,,,,,,,,,,,,,no_image.png,Standard
6924967526493,彩莹·真棒 风口香水绿茶味(银电镀/银色),,C0001,U001,0,11.5,, No Tax, exclusive,,,,,,,,,,,,,,no_image.png,Standard
6924967526509,彩莹·真棒 风口香水白檀味(黑电镀/银色),,C0001,U001,0,11.5,, No Tax, exclusive,,,,,,,,,,,,,,no_image.png,Standard
6924967526516,彩莹·真棒 风口香水海洋味(黑电镀/金色),,C0001,U001,0,11.5,, No Tax, exclusive,,,,,,,,,,,,,,no_image.png,Standard
6924967535983,彩莹·尼罗 果冻香水-黄金色(魅力清爽),,C0001,U012,0,16,, No Tax, exclusive,,,,,,,,,,,,,,no_image.png,Standard
6924967528039,魔棒 风口香水柠檬味(黑色),,C0001,U001,0,9.5,, No Tax, exclusive,,,,,,,,,,,,,,no_image.png,Standard
6924967528046,魔棒 风口香水绿茶味(白色),,C0001,U001,0,9.5,, No Tax, exclusive,,,,,,,,,,,,,,no_image.png,Standard
6924967528053,魔棒 风口香水白麝香(电镀黑色),,C0001,U001,0,9.5,, No Tax, exclusive,,,,,,,,,,,,,,no_image.png,Standard
6924967528060,魔棒 风口香水海洋味(电镀银色),,C0001,U001,0,9.5,, No Tax, exclusive,,,,,,,,,,,,,,no_image.png,Standard
6924967529630,魔棒 风口香水柠檬味(哑光银色),,C0001,U001,0,9.5,, No Tax, exclusive,,,,,,,,,,,,,,no_image.png,Standard
6924967547207,威特兹 果冻型风口香水-白麝香(蓝色),,C0001,U001,0,11.5,, No Tax, exclusive,,,,,,,,,,,,,,no_image.png,Standard
6924967547214,威特兹 果冻型风口香水-爽快味(浅蓝色),,C0001,U001,0,11.5,, No Tax, exclusive,,,,,,,,,,,,,,no_image.png,Standard
6924967547221,威特兹 果冻型风口香水-清爽味(红色),,C0001,U001,0,11.5,, No Tax, exclusive,,,,,,,,,,,,,,no_image.png,Standard
6924967547238,威特兹 果冻型风口香水-草莓味(粉红色),,C0001,U001,0,11.5,, No Tax, exclusive,,,,,,,,,,,,,,no_image.png,Standard
6924967535389,露力 风口香水-铃兰＆青苹果<棕色>,,C0001,U001,0,12,, No Tax, exclusive,,,,,,,,,,,,,,no_image.png,Standard
6924967535396,露力 风口香水-茉莉＆香梨味<棕色>,,C0001,U001,0,12,, No Tax, exclusive,,,,,,,,,,,,,,no_image.png,Standard
6924967535402,<露力>风口香水-金桔花＆柑橘味<棕色>,,C0001,U010,0,12,, No Tax, exclusive,,,,,,,,,,,,,,no_image.png,Standard
6924967535419,<露力>风口香水-香雪兰＆山莓味<棕色>,,C0001,U001,0,12,, No Tax, exclusive,,,,,,,,,,,,,,no_image.png,Standard
6924967535877,彩莹·卡纯 风口香水-深蓝+银色(花花公子),,C0001,U012,0,31,, No Tax, exclusive,,,,,,,,,,,,,,no_image.png,Standard
6924967535884,彩莹·卡纯 风口香水-深蓝+银色(英伦绅士),,C0001,U012,0,31,, No Tax, exclusive,,,,,,,,,,,,,,no_image.png,Standard
6924967536287,露力 风口香水-清新西柚,,C0001,U001,0,11.5,, No Tax, exclusive,,,,,,,,,,,,,,no_image.png,Standard
6924967536294,露力 风口香水-神秘黑加仑,,C0001,U001,0,11.5,, No Tax, exclusive,,,,,,,,,,,,,,no_image.png,Standard
6924967536355,Cassis Gem,,C0001,U012,0,14,, No Tax, exclusive,,,,,,,,,,,,,,no_image.png,Standard
6924967536362,Starry Jasmine,,C0001,U012,0,14,, No Tax, exclusive,,,,,,,,,,,,,,no_image.png,Standard
6359185041424,Prefume 001,,C0001,U011,0,15,, No Tax, exclusive,,,,,,,,,,,,,,no_image.png,Standard
6924967525373,<爱帅>液体香水白麝香(蓝色),,C0001,U012,0,14,, No Tax, exclusive,,,,,,,,,,,,,,no_image.png,Standard
6924967525380,<爱帅>液体香水海洋味(紫色),,C0001,U012,0,14,, No Tax, exclusive,,,,,,,,,,,,,,no_image.png,Standard
6359010528425,Prefume 002,,C0001,U011,0,20,, No Tax, exclusive,,,,,,,,,,,,,,no_image.png,Standard
